date,close,volume
2018-01-01,10291.54,2102637204
2018-01-02,10477.12,2120714301
2018-01-03,10203.27,1969656698
2018-01-04,10042.33,3039251545
2018-01-05,10037.23,1476938034
2018-01-06,10303.41,2941908978
2018-01-07,10564.15,2079185550
2018-01-08,10605.26,2109358742
2018-01-09,10603.81,3617263815
2018-01-10,10365.64,3279814741
2018-01-11,10331.92,4728147282
2018-01-12,10369.15,2972236680
2018-01-13,10593.22,3837710577
2018-01-14,10309.47,1905896784
2018-01-15,10578.29,4004314697
2018-01-16,10717.95,3511131958
2018-01-17,10808.66,2095216491
2018-01-18,10827.05,2368516173
2018-01-19,10514.91,1016322882
2018-01-20,10722.02,3212759844
2018-01-21,10460.05,1758376163
2018-01-22,10760.28,2009945515
2018-01-23,10836.74,2797655803
2018-01-24,10946.42,3054513988
2018-01-25,11128.36,2919671463
2018-01-26,10952.35,1141738635
2018-01-27,11031.64,4489297507
2018-01-28,11086.42,4651275594
2018-01-29,11114.29,3119253457
2018-01-30,11174.80,3132655513
2018-01-31,11175.18,2526232668
2018-02-01,10847.96,1943484947
2018-02-02,10780.91,2127590753
2018-02-03,10883.06,3046046977
2018-02-04,11115.17,2668091574
2018-02-05,11412.08,1266533163
2018-02-06,11288.31,2303958031
2018-02-07,11105.43,3967291234
2018-02-08,11430.52,1648128045
2018-02-09,11484.23,3316851535
2018-02-10,11817.26,2229909246
2018-02-11,12157.91,4978620029
2018-02-12,11924.76,4543305030
2018-02-13,11582.50,3978114364
2018-02-14,11836.56,4498367414
2018-02-15,12152.18,4301219885
2018-02-16,12444.88,1085728110
2018-02-17,12496.20,1123982037
2018-02-18,12549.55,2570376428
2018-02-19,12182.17,4900698238
2018-02-20,11863.64,2898906900
2018-02-21,11536.92,1237890655
2018-02-22,11834.91,2995624094
2018-02-23,11803.97,4558858536
2018-02-24,12096.44,4118945197
2018-02-25,12003.00,4944392239
2018-02-26,12067.01,2792390383
2018-02-27,11773.18,1530792359
2018-02-28,12078.47,2887246067
2018-03-01,12314.73,2613841752
2018-03-02,12075.20,3750653697
2018-03-03,11944.22,3247816863
2018-03-04,11597.83,4658747117
2018-03-05,11544.52,3414609152
2018-03-06,11743.73,4942873915
2018-03-07,11554.29,3919262183
2018-03-08,11484.80,1061886859
2018-03-09,11194.44,4814740601
2018-03-10,10932.26,4402461016
2018-03-11,10832.81,3336780804
2018-03-12,11105.71,4151136125
2018-03-13,11356.14,4256139875
2018-03-14,11383.39,2132331509
2018-03-15,11354.39,2208050387
2018-03-16,11689.48,3080510711
2018-03-17,11945.16,3486693288
2018-03-18,12288.41,3672495093
2018-03-19,12449.47,2618791961
2018-03-20,12373.41,4174676246
2018-03-21,12321.69,2767085077
2018-03-22,12192.46,1735841783
2018-03-23,11835.55,4417225589
2018-03-24,11628.86,1130175991
2018-03-25,11555.62,2989214208
2018-03-26,11484.19,1818810088
2018-03-27,11388.92,3798633212
2018-03-28,11437.63,3252446674
2018-03-29,11655.08,4934230102
2018-03-30,11562.42,1419178505
2018-03-31,11736.91,1928956384
2018-04-01,11822.79,3032454188
2018-04-02,12102.64,1278853049
2018-04-03,12074.08,4105098365
2018-04-04,11820.07,2007496722
2018-04-05,11953.88,4222336076
2018-04-06,12080.46,4109971662
2018-04-07,12129.63,4128158421
2018-04-08,12063.34,2207803857
2018-04-09,12161.65,4350763337
2018-04-10,12335.35,2734328243
2018-04-11,12396.89,3100699511
2018-04-12,12578.16,3027172966
2018-04-13,12464.52,4620625654
2018-04-14,12314.41,3341285854
2018-04-15,12456.87,2390372707
2018-04-16,12719.75,2842300089
2018-04-17,12469.99,3569554547
2018-04-18,12484.73,4949475694
2018-04-19,12163.12,3243068542
2018-04-20,11913.21,4099582473
2018-04-21,12198.67,3634818603
2018-04-22,11975.20,1318398304
2018-04-23,11688.14,2273409562
2018-04-24,12012.22,4378867738
2018-04-25,12152.10,4232096816
2018-04-26,11894.91,1524409415
2018-04-27,12235.61,4851572485
2018-04-28,12049.21,4458724758
2018-04-29,12179.24,2026136770
2018-04-30,12270.64,3096361056
2018-05-01,12087.92,1049135783
2018-05-02,11865.32,3149200870
2018-05-03,11692.83,3636170809
2018-05-04,11557.76,2616391760
2018-05-05,11266.54,3277545435
2018-05-06,11436.59,3631820893
2018-05-07,11750.85,2379907358
2018-05-08,11863.09,2244443634
2018-05-09,11609.81,2608831393
2018-05-10,11352.96,3217602299
2018-05-11,11652.98,2479680528
2018-05-12,11751.27,1973856283
2018-05-13,11733.11,1011714714
2018-05-14,11988.71,1829586666
2018-05-15,11948.90,1380556841
2018-05-16,12249.90,4886032756
2018-05-17,12003.88,2692217752
2018-05-18,11646.09,2923457473
2018-05-19,11923.27,4811255631
2018-05-20,11595.03,1983128894
2018-05-21,11261.84,1483086255
2018-05-22,11598.41,4322044308
2018-05-23,11575.52,3690769490
2018-05-24,11534.11,1669497697
2018-05-25,11619.77,3690911418
2018-05-26,11747.72,4878395601
2018-05-27,11632.20,1027960610
2018-05-28,11443.12,1234780855
2018-05-29,11257.88,4203158438
2018-05-30,11314.28,3991803796
2018-05-31,11459.22,1914426046
2018-06-01,11674.63,1931015156
2018-06-02,11719.61,1648275521
2018-06-03,11816.41,4632335019
2018-06-04,11567.09,1506952713
2018-06-05,11514.81,1180957991
2018-06-06,11432.08,4017850492
2018-06-07,11768.45,4119263446
2018-06-08,11677.69,2934370419
2018-06-09,11373.99,1649856860
2018-06-10,11683.26,1846276626
2018-06-11,11563.62,2976513831
2018-06-12,11397.89,4221306329
2018-06-13,11256.46,1627649665
2018-06-14,11482.41,3712461088
2018-06-15,11657.24,1489905351
2018-06-16,11709.44,2774198750
2018-06-17,11870.11,2101065546
2018-06-18,11857.97,1454222462
2018-06-19,12102.56,3108895280
2018-06-20,12215.61,3394030785
2018-06-21,12014.03,1652940288
2018-06-22,11888.33,2986782470
2018-06-23,11536.24,3208277341
2018-06-24,11799.33,1992946244
2018-06-25,12151.73,3843529781
2018-06-26,11804.24,2784343842
2018-06-27,11701.79,4355253589
2018-06-28,11782.22,3588884723
2018-06-29,11604.50,2394636426
2018-06-30,11451.90,4257008107
2018-07-01,11499.15,3618120022
2018-07-02,11367.16,4625095251
2018-07-03,11080.22,3656332562
2018-07-04,11383.02,1748453233
2018-07-05,11063.55,4203811276
2018-07-06,11049.67,3214030448
2018-07-07,10984.89,2862443640
2018-07-08,10918.31,3588382321
2018-07-09,10762.34,4056819650
2018-07-10,11051.98,4228133955
2018-07-11,11267.92,3094738355
2018-07-12,11237.73,3514076840
2018-07-13,11210.39,4133132144
2018-07-14,11025.28,3502403556
2018-07-15,10810.20,4920585194
2018-07-16,10515.91,4728824519
2018-07-17,10501.27,1147011515
2018-07-18,10468.39,3095807461
2018-07-19,10318.15,3576976697
2018-07-20,10312.80,1569610666
2018-07-21,10561.78,2449249505
2018-07-22,10531.66,4893651465
2018-07-23,10242.65,1828365428
2018-07-24,9952.04,2166651534
2018-07-25,9926.45,2678180404
2018-07-26,9703.59,3703667978
2018-07-27,9671.14,2048247978
2018-07-28,9902.05,3231431611
2018-07-29,10115.14,3298559083
2018-07-30,10337.58,2880596827
2018-07-31,10471.58,3546110507
2018-08-01,10557.94,1849006475
2018-08-02,10658.01,1129526648
2018-08-03,10580.25,4049533581
2018-08-04,10356.66,4223480413
2018-08-05,10653.78,1625401336
2018-08-06,10750.36,1611131720
2018-08-07,10994.69,1443766561
2018-08-08,10713.22,1644810242
2018-08-09,10506.46,1673266573
2018-08-10,10712.01,4367767939
2018-08-11,10973.20,3812921416
2018-08-12,11118.49,1714277592
2018-08-13,11386.90,2081026649
2018-08-14,11174.27,3843626949
2018-08-15,10842.70,4381151047
2018-08-16,10926.94,4624420942
2018-08-17,10840.82,1932585212
2018-08-18,11028.21,3313753787
2018-08-19,11335.02,3055845399
2018-08-20,11632.10,3068915745
2018-08-21,11407.54,3766270837
2018-08-22,11419.50,3740400398
2018-08-23,11113.00,1532239358
2018-08-24,10968.79,4483158730
2018-08-25,11139.17,2443725950
2018-08-26,11349.23,2541022023
2018-08-27,11517.58,2752928445
2018-08-28,11680.98,4664386343
2018-08-29,12012.88,1125086432
2018-08-30,11920.38,1913942053
2018-08-31,12216.74,3740125209
2018-09-01,12213.84,1456683992
2018-09-02,12118.37,4357395213
2018-09-03,12339.07,4658823946
2018-09-04,12533.09,3880300460
2018-09-05,12434.58,1302984256
2018-09-06,12420.24,1833050004
2018-09-07,12395.84,3049232675
2018-09-08,12058.50,3753118920
2018-09-09,11742.56,2566527504
2018-09-10,11911.97,2284958435
2018-09-11,11984.01,1992949473
2018-09-12,12252.96,2256968371
2018-09-13,12268.08,2724218117
2018-09-14,12424.94,1047521675
2018-09-15,12387.56,3893781649
2018-09-16,12681.47,4633518582
2018-09-17,12365.25,3576509007
2018-09-18,12145.00,2180284114
2018-09-19,12316.22,2226569928
2018-09-20,12130.45,3596522613
2018-09-21,12172.84,2413394576
2018-09-22,11841.60,4994707969
2018-09-23,12097.15,2171679652
2018-09-24,11901.00,4995397554
2018-09-25,11888.27,4176683126
2018-09-26,11580.34,4919610096
2018-09-27,11508.15,3405787919
2018-09-28,11487.49,4481329618
2018-09-29,11633.44,3583334654
2018-09-30,11349.25,2440804393
2018-10-01,11533.00,4985976059
2018-10-02,11202.11,3186664812
2018-10-03,11363.50,2488407838
2018-10-04,11412.68,3553844878
2018-10-05,11241.90,4890472868
2018-10-06,10929.85,1616004250
2018-10-07,10632.88,4160804120
2018-10-08,10675.10,3413726441
2018-10-09,10609.13,4376309135
2018-10-10,10553.14,3847214955
2018-10-11,10270.37,3999824413
2018-10-12,10571.21,4865177125
2018-10-13,10670.11,1337431772
2018-10-14,10785.67,4534560516
2018-10-15,10946.38,1961537144
2018-10-16,11247.23,3145574780
2018-10-17,11547.72,4790882034
2018-10-18,11233.28,4515832211
2018-10-19,11561.52,2609228296
2018-10-20,11616.85,2033428019
2018-10-21,11272.30,1932871434
2018-10-22,11158.06,1346515334
2018-10-23,11093.74,4476268393
2018-10-24,10963.88,4575248557
2018-10-25,10835.36,3339598662
2018-10-26,11031.10,4769570343
2018-10-27,10756.63,4136885627
2018-10-28,10540.50,1418997444
2018-10-29,10321.58,3039089008
2018-10-30,10397.95,3038058506
2018-10-31,10595.52,2713055191
2018-11-01,10420.07,4975531521
2018-11-02,10450.03,3015643783
2018-11-03,10265.02,1085131962
2018-11-04,10340.29,1375459309
2018-11-05,10350.41,3827351179
2018-11-06,10207.61,3524437258
2018-11-07,10440.62,4317694827
2018-11-08,10659.19,2936470657
2018-11-09,10859.21,1008362604
2018-11-10,10735.30,3601460372
2018-11-11,11021.32,1443426393
2018-11-12,10973.62,4004033356
2018-11-13,10736.72,2919292183
2018-11-14,10498.51,1393676152
2018-11-15,10295.59,4167077722
2018-11-16,10024.46,1939108756
2018-11-17,9769.30,1063394292
2018-11-18,9621.73,4274243932
2018-11-19,9826.82,1334868230
2018-11-20,9869.47,2690602459
2018-11-21,9574.43,2062665159
2018-11-22,9777.18,1527775510
2018-11-23,9825.29,1228574129
2018-11-24,9837.96,2142304009
2018-11-25,9766.90,2424225022
2018-11-26,9968.01,2474935542
2018-11-27,9875.55,4892427811
2018-11-28,9965.14,4083201796
2018-11-29,9966.41,2320117657
2018-11-30,9917.17,4684160969
2018-12-01,9676.61,4167936776
2018-12-02,9868.85,2091358429
2018-12-03,9817.96,1141225771
2018-12-04,9599.09,2289471611
2018-12-05,9552.84,3001542603
2018-12-06,9637.99,3517853695
2018-12-07,9732.94,4936748913
2018-12-08,9857.53,1967998651
2018-12-09,9713.23,1090660582
2018-12-10,9530.71,1012360000
2018-12-11,9563.15,1731415553
2018-12-12,9426.24,1989139933
2018-12-13,9669.59,3504334243
2018-12-14,9912.21,1101983803
2018-12-15,9950.70,2919252225
2018-12-16,10130.43,1519486457
2018-12-17,10159.11,3855380440
2018-12-18,9945.20,4820718738
2018-12-19,9991.66,2817098583
2018-12-20,9957.42,1919937682
2018-12-21,9917.72,1601488992
2018-12-22,9824.09,2419248089
2018-12-23,9586.62,4321529511
2018-12-24,9563.60,1746065968
2018-12-25,9501.27,4064767036
2018-12-26,9478.09,1796283548
2018-12-27,9255.49,1513849480
2018-12-28,9308.98,1411184628
2018-12-29,9221.90,4627866735
2018-12-30,9056.13,4119717809
2018-12-31,9127.55,4259909498
2019-01-01,9260.46,3845762096
2019-01-02,9524.49,1086934451
2019-01-03,9413.13,4360915629
2019-01-04,9560.98,3601563710
2019-01-05,9416.27,1195665690
2019-01-06,9222.42,3264622663
2019-01-07,9099.69,4068484674
2019-01-08,8991.44,4538614243
2019-01-09,9218.15,4482167847
2019-01-10,9391.27,1602246243
2019-01-11,9502.12,4154481131
2019-01-12,9715.47,3070612073
2019-01-13,9445.36,4086368536
2019-01-14,9381.94,4884389565
2019-01-15,9404.58,2379991199
2019-01-16,9419.50,1780466539
2019-01-17,9593.67,2144122722
2019-01-18,9616.94,3672821171
2019-01-19,9610.16,2621120727
2019-01-20,9573.91,1771726201
2019-01-21,9743.99,1802336243
2019-01-22,9921.43,2343093843
2019-01-23,9669.24,4427701190
2019-01-24,9597.74,2893204586
2019-01-25,9767.44,2241769061
2019-01-26,9751.22,4321480812
2019-01-27,9708.80,2533982802
2019-01-28,9616.63,4479814206
2019-01-29,9340.42,2545747598
2019-01-30,9338.14,3001670869
2019-01-31,9272.71,4577931458
2019-02-01,9476.68,1240984502
2019-02-02,9598.16,2160051586
2019-02-03,9424.91,4694876755
2019-02-04,9239.08,3487564930
2019-02-05,9439.48,3396390089
2019-02-06,9378.21,2566767366
2019-02-07,9460.69,2014576785
2019-02-08,9619.48,4567469331
2019-02-09,9514.70,1504762551
2019-02-10,9690.67,2945880479
2019-02-11,9591.04,3233647732
2019-02-12,9327.46,4258756245
2019-02-13,9388.91,2715107962
2019-02-14,9278.50,3421397430
2019-02-15,9387.48,4239224103
2019-02-16,9342.03,4339843822
2019-02-17,9604.35,2289923974
2019-02-18,9874.76,4670457964
2019-02-19,9888.02,1844551862
2019-02-20,9778.63,2730928544
2019-02-21,9785.58,4449268406
2019-02-22,9831.57,1761240544
2019-02-23,9872.26,4574165587
2019-02-24,9896.09,1788229342
2019-02-25,9883.46,3460076103
2019-02-26,9722.02,4139269540
2019-02-27,9710.00,3365119573
2019-02-28,9799.87,2626919509
2019-03-01,9978.53,1140661812
2019-03-02,9941.94,1302135448
2019-03-03,10143.60,4181825709
2019-03-04,10136.77,2808135930
2019-03-05,10112.52,2591891423
2019-03-06,10371.35,2616624568
2019-03-07,10153.57,1549120735
2019-03-08,9978.67,3496848269
2019-03-09,9697.73,3553534741
2019-03-10,9972.92,3783247979
2019-03-11,9959.61,2613257227
2019-03-12,10233.59,4913470044
2019-03-13,10513.99,2774009319
2019-03-14,10231.99,1390257130
2019-03-15,10344.34,4067910397
2019-03-16,10104.80,1466177079
2019-03-17,9982.78,4124586577
2019-03-18,10199.66,3843389114
2019-03-19,10118.53,1295465909
2019-03-20,10253.61,4769867917
2019-03-21,10457.05,4004947387
2019-03-22,10516.08,2631576408
2019-03-23,10719.01,4326477072
2019-03-24,10949.70,2994137199
2019-03-25,11250.82,1905537339
2019-03-26,11390.03,1359414098
2019-03-27,11579.27,4543488430
2019-03-28,11919.01,2030092461
2019-03-29,11831.99,3922211939
2019-03-30,11505.01,4886648149
2019-03-31,11515.69,2753949971
2019-04-01,11481.45,2915876171
2019-04-02,11314.57,2650589949
2019-04-03,11092.88,2300478056
2019-04-04,10826.21,3565666872
2019-04-05,10625.08,2776180555
2019-04-06,10737.40,2390888802
2019-04-07,11040.97,2954386147
2019-04-08,10846.86,4852419028
2019-04-09,10869.94,3785439102
2019-04-10,10785.11,4193988400
2019-04-11,10585.94,2272843863
2019-04-12,10664.84,1901212997
2019-04-13,10970.46,2014936489
2019-04-14,11252.74,3989934330
2019-04-15,10939.19,2654021964
2019-04-16,10974.12,4028230571
2019-04-17,10900.36,4169119730
2019-04-18,10651.95,2345700314
2019-04-19,10509.41,3046382992
2019-04-20,10350.75,1804332532
2019-04-21,10252.69,1376559581
2019-04-22,10292.75,3691223288
2019-04-23,10205.84,1799761825
2019-04-24,10385.05,1756814997
2019-04-25,10088.16,2598601342
2019-04-26,10365.25,1989281266
2019-04-27,10074.12,2638893549
2019-04-28,10236.20,2611433880
2019-04-29,9954.87,2296194788
2019-04-30,9764.52,2383041176
2019-05-01,9823.11,2740543254
2019-05-02,10116.58,2036254126
2019-05-03,10277.16,4989867153
2019-05-04,9991.51,1377151238
2019-05-05,9880.53,3501836607
2019-05-06,9860.49,4556737899
2019-05-07,10018.59,4428478415
2019-05-08,9975.96,2753026830
2019-05-09,10072.19,1195098963
2019-05-10,9774.89,2479363726
2019-05-11,9668.29,2769105265
2019-05-12,9473.85,2903792659
2019-05-13,9675.83,3340174054
2019-05-14,9413.76,1535335919
2019-05-15,9358.44,1841436791
2019-05-16,9586.08,1261761218
2019-05-17,9563.10,2814858166
2019-05-18,9416.68,2588204701
2019-05-19,9488.97,2402158325
2019-05-20,9331.23,3653804824
2019-05-21,9212.30,4454841474
2019-05-22,9158.84,1632566007
2019-05-23,9425.38,1883838162
2019-05-24,9174.00,1854153569
2019-05-25,9009.14,1023295675
2019-05-26,8797.27,1514812216
2019-05-27,8712.69,4080266367
2019-05-28,8821.16,2934380072
2019-05-29,8616.22,3716328117
2019-05-30,8469.50,1401966544
2019-05-31,8569.15,4353711327
2019-06-01,8386.73,2719728654
2019-06-02,8161.35,2881753256
2019-06-03,8291.66,3437265926
2019-06-04,8194.76,4063743606
2019-06-05,8278.28,1137786261
2019-06-06,8488.29,4882004454
2019-06-07,8241.88,1262949759
2019-06-08,8336.44,4202970533
2019-06-09,8273.40,3688162378
2019-06-10,8406.26,1083165630
2019-06-11,8256.14,4913466179
2019-06-12,8413.04,1208050654
2019-06-13,8293.25,4232942335
2019-06-14,8060.23,4449328648
2019-06-15,8040.32,1752832109
2019-06-16,8096.36,4788125316
2019-06-17,8212.34,2040299614
2019-06-18,8229.78,3525815149
2019-06-19,8253.00,2369493918
2019-06-20,8254.31,1774890416
2019-06-21,8445.10,2430733980
2019-06-22,8267.33,2523181768
2019-06-23,8098.80,1159366134
2019-06-24,8256.70,1483976348
2019-06-25,8204.47,1243695417
2019-06-26,8034.51,4059781627
2019-06-27,7899.07,4238823623
2019-06-28,7943.75,2333413050
2019-06-29,7901.28,2190614733
2019-06-30,7821.21,1312922388
2019-07-01,7876.06,1253907854
2019-07-02,7740.25,4953658438
2019-07-03,7587.48,2853409776
2019-07-04,7658.85,2624400277
2019-07-05,7505.90,4822991595
2019-07-06,7498.45,4243082882
2019-07-07,7480.17,2376434721
2019-07-08,7266.72,3040432850
2019-07-09,7202.58,3559853273
2019-07-10,7178.85,4551850831
2019-07-11,7376.39,4827088692
2019-07-12,7322.71,3198679799
2019-07-13,7282.28,1458035131
2019-07-14,7268.18,4977983622
2019-07-15,7104.25,4982614631
2019-07-16,7022.39,2533186837
2019-07-17,7196.93,2232300230
2019-07-18,7054.42,4266934069
2019-07-19,7128.13,4859226769
2019-07-20,7341.79,3520955296
2019-07-21,7414.08,1099832814
2019-07-22,7540.13,4836654037
2019-07-23,7556.85,2285193710
2019-07-24,7338.33,3456391377
2019-07-25,7247.15,1790137838
2019-07-26,7236.85,1332805981
2019-07-27,7189.76,3269838180
2019-07-28,7035.88,4916143845
2019-07-29,6883.97,1036814247
2019-07-30,7040.55,1234377881
2019-07-31,6999.07,1080551934
2019-08-01,6975.29,4860552529
2019-08-02,7161.55,4995868247
2019-08-03,7207.13,1355400907
2019-08-04,7268.03,2640484018
2019-08-05,7167.90,1969955197
2019-08-06,7329.63,2877059622
2019-08-07,7454.91,4990118656
2019-08-08,7336.94,1638673788
2019-08-09,7119.54,1374207589
2019-08-10,7199.53,1331822287
2019-08-11,7284.46,4319186652
2019-08-12,7226.55,4162480981
2019-08-13,7201.04,1535329451
2019-08-14,7393.19,4783610705
2019-08-15,7495.37,3937518279
2019-08-16,7467.79,4050641777
2019-08-17,7353.04,2592316480
2019-08-18,7332.36,4255244826
2019-08-19,7376.13,3629612918
2019-08-20,7229.85,4375809447
2019-08-21,7293.59,3718498214
2019-08-22,7466.75,1172616118
2019-08-23,7532.68,3270672898
2019-08-24,7430.65,2059489951
2019-08-25,7292.78,2987140994
2019-08-26,7429.55,1082777396
2019-08-27,7583.64,2978722573
2019-08-28,7641.70,2948820260
2019-08-29,7556.70,1236064433
2019-08-30,7621.11,4960855757
2019-08-31,7484.97,3828786753
2019-09-01,7301.96,1554210915
2019-09-02,7241.05,3396375200
2019-09-03,7026.57,1214424037
2019-09-04,7049.41,3048457541
2019-09-05,7129.59,2154441247
2019-09-06,7172.22,4706458786
2019-09-07,7051.01,3545146139
2019-09-08,6849.37,2607820590
2019-09-09,6766.73,2237346515
2019-09-10,6789.24,2528395678
2019-09-11,6972.88,1175495070
2019-09-12,6995.90,3591641705
2019-09-13,7117.44,1746336658
2019-09-14,6925.85,4536142844
2019-09-15,6792.86,4737133091
2019-09-16,6679.40,4420540120
2019-09-17,6679.04,4798755650
2019-09-18,6624.15,2270504141
2019-09-19,6503.04,1571306559
2019-09-20,6607.84,1097955996
2019-09-21,6542.95,1999755075
2019-09-22,6506.33,3720830454
2019-09-23,6570.69,4853906184
2019-09-24,6462.84,1398690971
2019-09-25,6588.19,1795068777
2019-09-26,6489.19,2971751536
2019-09-27,6538.89,2572818025
2019-09-28,6428.53,2137803386
2019-09-29,6457.26,1325650529
2019-09-30,6440.95,1871910557
2019-10-01,6429.52,4743475876
2019-10-02,6486.14,4746579874
2019-10-03,6497.39,1112649746
2019-10-04,6619.43,2887419906
2019-10-05,6577.00,2967772087
2019-10-06,6708.22,3996200022
2019-10-07,6869.97,1441549923
2019-10-08,6907.51,4556999891
2019-10-09,6833.40,1149385415
2019-10-10,6839.85,4019975197
2019-10-11,6639.27,4223302527
2019-10-12,6722.31,3277510350
2019-10-13,6676.46,2767652763
2019-10-14,6769.10,3990028027
2019-10-15,6837.36,1529179584
2019-10-16,6643.79,4452506847
2019-10-17,6689.31,3611475157
2019-10-18,6718.62,3250765453
2019-10-19,6817.95,2008949164
2019-10-20,6649.66,4595941643
2019-10-21,6461.38,4201590476
2019-10-22,6465.22,4729241804
2019-10-23,6298.84,3516079217
2019-10-24,6171.82,3319774100
2019-10-25,6269.85,1180783787
2019-10-26,6163.21,4317881134
2019-10-27,6227.71,2962164371
2019-10-28,6116.87,4285216013
2019-10-29,6187.60,3520538870
2019-10-30,6305.05,1763927552
2019-10-31,6459.93,4588120826
2019-11-01,6519.20,3763491527
2019-11-02,6656.30,1281935116
2019-11-03,6815.74,4636330329
2019-11-04,6643.34,1310497302
2019-11-05,6490.92,4827219206
2019-11-06,6360.02,1452146132
2019-11-07,6515.68,3080842098
2019-11-08,6370.44,1760470279
2019-11-09,6363.53,3981104451
2019-11-10,6349.65,1736532556
2019-11-11,6177.11,3111138824
2019-11-12,6255.62,3181107576
2019-11-13,6376.99,3292149262
2019-11-14,6335.02,2205992775
2019-11-15,6300.87,3946435333
2019-11-16,6206.79,2169996936
2019-11-17,6197.29,2023073342
2019-11-18,6168.47,4067705835
2019-11-19,6209.91,2850234714
2019-11-20,6170.59,3326201966
2019-11-21,6181.04,4145823985
2019-11-22,6160.38,3885812300
2019-11-23,6146.67,4382744592
2019-11-24,6031.95,4352757021
2019-11-25,5925.71,3189414387
2019-11-26,5899.36,3194785033
2019-11-27,6044.08,3001877763
2019-11-28,5972.63,4798787964
2019-11-29,5817.55,3144025692
2019-11-30,5671.45,3742314608
2019-12-01,5609.44,3519585538
2019-12-02,5542.84,3766980324
2019-12-03,5546.65,3516945645
2019-12-04,5384.59,1109806015
2019-12-05,5455.77,2538992991
2019-12-06,5382.60,3275596409
2019-12-07,5525.80,1648446473
2019-12-08,5655.90,3716888203
2019-12-09,5695.34,3310058844
2019-12-10,5826.48,4755064358
2019-12-11,5775.34,1454326419
2019-12-12,5874.81,4371975493
2019-12-13,5761.48,3446516714
2019-12-14,5732.80,3226974290
2019-12-15,5660.04,2901652740
2019-12-16,5764.96,4710951302
2019-12-17,5612.23,3750191450
2019-12-18,5664.79,2283741215
2019-12-19,5665.30,1756747636
2019-12-20,5748.55,4834658028
2019-12-21,5681.97,2131296655
2019-12-22,5539.26,2818736421
2019-12-23,5555.31,3741173352
2019-12-24,5626.91,1273657517
2019-12-25,5712.39,3888338749
2019-12-26,5611.67,2217007342
2019-12-27,5626.74,3743183025
2019-12-28,5560.47,1083515825
2019-12-29,5587.64,1995316436
2019-12-30,5521.31,3276411272
2019-12-31,5477.21,3372642821
2020-01-01,5402.40,1216507157
2020-01-02,5287.38,3945900087
2020-01-03,5223.69,2957369590
2020-01-04,5162.35,3268227595
2020-01-05,5235.10,4826794632
2020-01-06,5222.75,2310698338
2020-01-07,5270.75,4831953907
2020-01-08,5342.72,4133022825
2020-01-09,5387.73,4115989779
2020-01-10,5325.60,3511983773
2020-01-11,5429.11,3717520559
2020-01-12,5482.92,4574604965
2020-01-13,5320.77,2074002218
2020-01-14,5247.29,2700733397
2020-01-15,5257.30,4020955283
2020-01-16,5111.23,2196031217
2020-01-17,4983.46,4047015424
2020-01-18,4855.81,2097159295
2020-01-19,4939.93,4425927017
2020-01-20,5067.98,4433352707
2020-01-21,5109.07,3581271856
2020-01-22,5121.77,1742834247
2020-01-23,5121.72,4529250030
2020-01-24,5176.93,4499446236
2020-01-25,5259.99,3129480349
2020-01-26,5105.60,2749879250
2020-01-27,5119.57,3672768367
2020-01-28,5130.35,3349861649
2020-01-29,5279.34,3751978922
2020-01-30,5159.83,1735606794
2020-01-31,5031.51,3345587793
2020-02-01,4943.28,3750808735
2020-02-02,4850.62,3500529275
2020-02-03,4833.32,3261155084
2020-02-04,4848.35,2092411252
2020-02-05,4733.19,1998233961
2020-02-06,4614.50,2302767315
2020-02-07,4571.41,4061188228
2020-02-08,4614.29,4401421208
2020-02-09,4700.48,1654161211
2020-02-10,4778.45,1559977487
2020-02-11,4755.50,1251998008
2020-02-12,4862.29,3053900873
2020-02-13,4947.42,3054726144
2020-02-14,4951.16,1214258010
2020-02-15,5010.70,1695291761
2020-02-16,5130.24,3192252932
2020-02-17,5066.09,4728890507
2020-02-18,4942.16,2797907045
2020-02-19,4878.53,2638277627
2020-02-20,4956.32,4684527047
2020-02-21,5070.84,4886728695
2020-02-22,5033.14,3759711955
2020-02-23,5155.32,4588212362
2020-02-24,5294.75,4837397813
2020-02-25,5439.81,2871115860
2020-02-26,5586.34,3148134171
2020-02-27,5691.51,3495789224
2020-02-28,5703.28,3770599863
2020-02-29,5569.34,2537154080
2020-03-01,5491.32,1314846369
2020-03-02,5625.90,4181545307
2020-03-03,5782.19,2127206379
2020-03-04,5640.92,2648782479
2020-03-05,5509.24,4768085625
2020-03-06,5622.82,3403062374
2020-03-07,5638.18,4499534344
2020-03-08,5749.92,3009409519
2020-03-09,5612.82,2704286382
2020-03-10,5652.89,2093094313
2020-03-11,5554.30,3803959084
2020-03-12,5648.42,1699182616
2020-03-13,5695.02,4308519974
2020-03-14,5719.22,3732190885
2020-03-15,5556.52,1667126641
2020-03-16,5494.35,3992826121
2020-03-17,5641.77,2162596927
2020-03-18,5729.16,2163642902
2020-03-19,5741.00,2026544571
2020-03-20,5859.76,3105619260
2020-03-21,6023.44,1220211562
2020-03-22,6037.04,1458483570
2020-03-23,5864.54,1736240180
2020-03-24,5716.38,4777228505
2020-03-25,5548.31,4926261403
2020-03-26,5605.40,1415096818
2020-03-27,5525.74,1166979359
2020-03-28,5556.46,1897125445
2020-03-29,5688.47,1823950170
2020-03-30,5643.06,1438324939
2020-03-31,5573.44,3958328737
2020-04-01,5438.62,4262743714
2020-04-02,5359.17,3731428188
2020-04-03,5278.31,1951536915
2020-04-04,5171.32,1317019666
2020-04-05,5060.56,4783981516
2020-04-06,5196.48,2215477202
2020-04-07,5337.51,4058503922
2020-04-08,5337.20,1403343010
2020-04-09,5289.35,3436351198
2020-04-10,5360.42,2284124001
2020-04-11,5256.92,2113116795
2020-04-12,5108.21,1060311701
2020-04-13,5185.35,4223227958
2020-04-14,5300.13,2693536210
2020-04-15,5310.25,3849338720
2020-04-16,5382.96,4157774517
2020-04-17,5240.18,1139604671
2020-04-18,5237.36,2297068622
2020-04-19,5392.45,3964529703
2020-04-20,5458.91,3211245125
2020-04-21,5612.73,1653252123
2020-04-22,5550.65,4701867310
2020-04-23,5455.20,3448879756
2020-04-24,5557.86,1104281554
2020-04-25,5508.19,3573094449
2020-04-26,5354.45,4166544151
2020-04-27,5197.85,3704592952
2020-04-28,5136.62,3476566556
2020-04-29,5052.83,2739556732
2020-04-30,5171.06,4872794047
2020-05-01,5041.47,2410051440
2020-05-02,5106.49,3355736389
2020-05-03,5174.23,2896632902
2020-05-04,5030.87,3501468311
2020-05-05,4883.54,4297030789
2020-05-06,5024.07,3696104414
2020-05-07,4936.38,4026824781
2020-05-08,4938.66,3825839032
2020-05-09,4978.78,2741542003
2020-05-10,4922.24,2569149038
2020-05-11,4861.04,4409421741
2020-05-12,4898.55,3831736968
2020-05-13,4851.54,4359546199
2020-05-14,4969.32,2187099752
2020-05-15,4847.26,4454465319
2020-05-16,4880.47,2224913506
2020-05-17,4972.06,4465942956
2020-05-18,5031.98,3018902159
2020-05-19,5037.95,3217914040
2020-05-20,5183.23,3055772255
2020-05-21,5157.03,1259137638
2020-05-22,5259.72,2809806400
2020-05-23,5396.13,3656757595
2020-05-24,5429.50,2581450981
2020-05-25,5447.76,3276482101
2020-05-26,5597.88,4868536055
2020-05-27,5681.11,2491935502
2020-05-28,5823.56,1805770706
2020-05-29,5914.88,4421515082
2020-05-30,5867.72,3046561840
2020-05-31,5739.65,2085475281
2020-06-01,5702.98,4627523590
2020-06-02,5680.40,3319607648
2020-06-03,5601.96,4078298346
2020-06-04,5755.23,4437291473
2020-06-05,5796.93,2034718405
2020-06-06,5792.14,4582538415
2020-06-07,5930.61,2612583540
2020-06-08,6016.13,3456002615
2020-06-09,6155.19,4139536844
2020-06-10,6245.72,3110208849
2020-06-11,6318.23,3800855284
2020-06-12,6500.94,4225211733
2020-06-13,6471.42,3746572544
2020-06-14,6482.09,2837310559
2020-06-15,6617.84,2926622288
2020-06-16,6657.52,3010822290
2020-06-17,6775.77,2521121900
2020-06-18,6643.28,4427683071
2020-06-19,6514.82,2687268870
2020-06-20,6617.42,1978859847
2020-06-21,6781.75,1454170876
2020-06-22,6596.03,4147549953
2020-06-23,6479.94,3485150682
2020-06-24,6341.67,1498609189
2020-06-25,6377.36,1446418960
2020-06-26,6461.94,4570888365
2020-06-27,6427.42,2478404227
2020-06-28,6353.40,1847761337
2020-06-29,6417.34,4696769756
2020-06-30,6327.41,3252945288
2020-07-01,6207.96,1867116464
2020-07-02,6035.49,4317482203
2020-07-03,5873.75,1831338923
2020-07-04,5823.58,4464355772
2020-07-05,5875.53,1189370643
2020-07-06,5749.41,3243399995
2020-07-07,5604.30,4811555554
2020-07-08,5540.75,3841412994
2020-07-09,5522.26,3418434552
2020-07-10,5649.45,1526806309
2020-07-11,5696.05,1843093893
2020-07-12,5788.51,1110379483
2020-07-13,5923.39,1341457091
2020-07-14,5809.40,4855538512
2020-07-15,5836.77,3607181195
2020-07-16,5971.08,1338403262
2020-07-17,5809.80,2689468930
2020-07-18,5732.33,1764478639
2020-07-19,5769.81,2343496607
2020-07-20,5750.07,1125831148
2020-07-21,5717.40,2086190706
2020-07-22,5722.62,2914258089
2020-07-23,5857.36,4007835756
2020-07-24,5940.42,2886927802
2020-07-25,5923.24,2742061869
2020-07-26,5839.37,1921711585
2020-07-27,5861.60,4705457916
2020-07-28,5996.60,3079367826
2020-07-29,5871.41,4924018388
2020-07-30,5937.54,4014703772
2020-07-31,5995.31,1869677834
2020-08-01,5819.08,1470096665
2020-08-02,5717.58,1063698328
2020-08-03,5657.19,4833023405
2020-08-04,5516.88,2831703157
2020-08-05,5526.23,2657758429
2020-08-06,5390.51,3010338314
2020-08-07,5433.96,4911176238
2020-08-08,5403.21,2994242549
2020-08-09,5430.79,3615727341
2020-08-10,5280.54,3061357632
2020-08-11,5429.05,4258075636
2020-08-12,5373.09,4314959726
2020-08-13,5238.51,4870318686
2020-08-14,5311.77,4108118630
2020-08-15,5346.04,3722010595
2020-08-16,5474.67,1222080744
2020-08-17,5547.80,3077216296
2020-08-18,5484.26,4976045623
2020-08-19,5577.13,2308521629
2020-08-20,5509.26,1357596740
2020-08-21,5448.51,3055074436
2020-08-22,5496.92,2105134397
2020-08-23,5419.00,2314884214
2020-08-24,5441.05,1252457713
2020-08-25,5364.69,1241882211
2020-08-26,5427.04,2338073607
2020-08-27,5341.23,3162546002
2020-08-28,5374.44,2283812845
2020-08-29,5415.09,1593487884
2020-08-30,5276.66,4209326707
2020-08-31,5147.18,1790721168
2020-09-01,5136.68,1509629686
2020-09-02,5154.56,4116862179
2020-09-03,5013.75,1560236997
2020-09-04,4969.92,2318448173
2020-09-05,4966.05,4692196649
2020-09-06,4993.34,1114398067
2020-09-07,4924.04,4646233728
2020-09-08,4939.22,4360032326
2020-09-09,4847.85,2785038170
2020-09-10,4782.61,4711735376
2020-09-11,4758.70,1987152570
2020-09-12,4735.37,3163401501
2020-09-13,4857.07,4798918043
2020-09-14,4978.79,1579092393
2020-09-15,4991.42,1236951028
2020-09-16,5065.94,4322359229
2020-09-17,5046.28,3843931065
2020-09-18,5136.01,3774543255
2020-09-19,5272.59,4880741220
2020-09-20,5387.65,3062026365
2020-09-21,5454.82,4294274761
2020-09-22,5600.31,3823551437
2020-09-23,5673.99,3567850682
2020-09-24,5768.88,2582843007
2020-09-25,5774.16,2079867217
2020-09-26,5690.08,4295358657
2020-09-27,5538.41,3783798615
2020-09-28,5542.51,3860476910
2020-09-29,5665.21,1318850201
2020-09-30,5578.75,1538645973
2020-10-01,5574.87,3334063538
2020-10-02,5513.17,3226620762
2020-10-03,5360.17,3279631515
2020-10-04,5481.84,3387983620
2020-10-05,5435.06,2117605622
2020-10-06,5425.54,4134722334
2020-10-07,5314.39,2845940775
2020-10-08,5450.59,3244372206
2020-10-09,5482.81,1324621153
2020-10-10,5591.35,1695287937
2020-10-11,5698.17,1535361465
2020-10-12,5677.64,4179333821
2020-10-13,5682.54,4911290383
2020-10-14,5534.30,2895098182
2020-10-15,5521.41,3138707683
2020-10-16,5553.63,4455024208
2020-10-17,5660.16,1965844202
2020-10-18,5767.65,3134351711
2020-10-19,5751.49,3763475634
2020-10-20,5773.62,2551936376
2020-10-21,5739.99,1009022199
2020-10-22,5725.04,3059286031
2020-10-23,5867.58,4566436422
2020-10-24,5936.60,1720538288
2020-10-25,5871.19,4860486211
2020-10-26,5715.02,1902440447
2020-10-27,5828.99,4797254454
2020-10-28,5989.71,4267122725
2020-10-29,5843.99,2250330983
2020-10-30,6003.97,3488285398
2020-10-31,6152.64,3002728924
2020-11-01,6256.94,3380120426
2020-11-02,6434.79,1745989050
2020-11-03,6485.00,2026236867
2020-11-04,6479.52,1189719339
2020-11-05,6561.15,3294125048
2020-11-06,6548.20,2024015577
2020-11-07,6503.00,1598763809
2020-11-08,6338.35,4512290663
2020-11-09,6253.82,1666692769
2020-11-10,6428.06,1296934872
2020-11-11,6486.05,1969027547
2020-11-12,6468.50,2364971823
2020-11-13,6538.81,4807375063
2020-11-14,6543.90,1766490486
2020-11-15,6633.06,3439564030
2020-11-16,6756.97,4639627018
2020-11-17,6821.18,4604957235
2020-11-18,6695.69,2196040107
2020-11-19,6774.25,1427396715
2020-11-20,6849.31,4661422456
2020-11-21,6937.22,4411083170
2020-11-22,7034.51,3345172690
2020-11-23,7116.81,2775325610
2020-11-24,7302.39,1023743694
2020-11-25,7435.49,3848226802
2020-11-26,7244.86,4771887737
2020-11-27,7434.57,2766194733
2020-11-28,7501.35,2791313323
2020-11-29,7667.31,2429334359
2020-11-30,7437.82,1926115516
2020-12-01,7622.36,2165825708
2020-12-02,7643.74,2501736458
2020-12-03,7672.28,3781855945
2020-12-04,7869.65,1726098385
2020-12-05,7993.40,1247997139
2020-12-06,7955.51,2609043355
2020-12-07,7741.14,3541759481
2020-12-08,7835.50,4585222675
2020-12-09,7702.01,2417304158
2020-12-10,7537.04,2470832664
2020-12-11,7350.79,2121414996
2020-12-12,7504.31,3471507118
2020-12-13,7559.53,2723956541
2020-12-14,7497.54,3299793860
2020-12-15,7443.83,3072835495
2020-12-16,7292.47,4594767862
2020-12-17,7280.82,3355174305
2020-12-18,7322.92,2200781369
2020-12-19,7257.76,2658813179
2020-12-20,7099.40,2043559465
2020-12-21,7297.97,3349957372
2020-12-22,7123.18,4906356374
2020-12-23,7080.24,4642790481
2020-12-24,6923.38,4043052698
2020-12-25,6887.79,2090035632
2020-12-26,6702.89,4710661340
2020-12-27,6544.85,1879680800
2020-12-28,6521.85,2569133831
2020-12-29,6525.56,4898561258
2020-12-30,6567.71,4278305289
2020-12-31,6410.72,1393801288
2021-01-01,6571.86,2836241197
2021-01-02,6667.28,2084086266
2021-01-03,6540.98,2849954189
2021-01-04,6361.97,3934354765
2021-01-05,6511.42,4432125522
2021-01-06,6592.84,1216748916
2021-01-07,6560.44,1176658399
2021-01-08,6501.40,2678214259
2021-01-09,6394.84,1429339224
2021-01-10,6453.11,1236990258
2021-01-11,6277.94,1304702439
2021-01-12,6218.67,2729195552
2021-01-13,6334.40,3112046931
2021-01-14,6244.75,4864266125
2021-01-15,6239.37,3505096275
2021-01-16,6243.29,3292832733
2021-01-17,6378.45,1347452227
2021-01-18,6322.41,3974550996
2021-01-19,6378.03,1653374462
2021-01-20,6303.80,2897768956
2021-01-21,6293.46,4339811315
2021-01-22,6265.21,1367680676
2021-01-23,6121.43,4582888292
2021-01-24,5944.75,2145637619
2021-01-25,5772.72,3392688817
2021-01-26,5804.54,1597408518
2021-01-27,5738.37,3975070013
2021-01-28,5752.48,2138292364
2021-01-29,5671.07,2342395062
2021-01-30,5702.67,1909550935
2021-01-31,5840.11,4953053949
2021-02-01,6009.65,1879968425
2021-02-02,5902.28,1177104332
2021-02-03,5789.44,2319769676
2021-02-04,5678.35,1488432077
2021-02-05,5544.96,2944656090
2021-02-06,5411.19,2064246242
2021-02-07,5476.04,3898990714
2021-02-08,5550.00,4064342375
2021-02-09,5494.17,1268569727
2021-02-10,5528.37,1379303480
2021-02-11,5460.35,4507710207
2021-02-12,5513.47,2713087552
2021-02-13,5460.87,2943886525
2021-02-14,5366.17,4710325499
2021-02-15,5480.30,1231461939
2021-02-16,5467.26,4235430506
2021-02-17,5369.38,1600941418
2021-02-18,5405.96,3450944118
2021-02-19,5344.59,3466253879
2021-02-20,5225.11,1485597376
2021-02-21,5259.94,3639786597
2021-02-22,5196.72,3133984391
2021-02-23,5155.29,4399968780
2021-02-24,5217.07,4920532737
2021-02-25,5157.80,1169689443
2021-02-26,5174.79,2804825911
2021-02-27,5301.80,2042450823
2021-02-28,5145.22,1889461189
2021-03-01,5269.99,1253035057
2021-03-02,5165.91,2333017636
2021-03-03,5194.37,2478360199
2021-03-04,5267.06,2404521840
2021-03-05,5242.79,2436378592
2021-03-06,5311.24,1388455471
2021-03-07,5455.10,4803481309
2021-03-08,5540.42,2895256825
2021-03-09,5548.15,1663066785
2021-03-10,5383.42,1316645940
2021-03-11,5433.29,3314479464
2021-03-12,5541.29,1311379466
2021-03-13,5384.01,2671308564
2021-03-14,5354.07,2335581155
2021-03-15,5381.78,2718309822
2021-03-16,5390.84,2013405509
2021-03-17,5365.02,4900461209
2021-03-18,5460.18,1839676085
2021-03-19,5487.24,3572968744
2021-03-20,5516.66,4519929304
2021-03-21,5505.72,4484015149
2021-03-22,5514.97,3881779801
2021-03-23,5613.47,1084549495
2021-03-24,5628.17,1475798161
2021-03-25,5785.34,3410490132
2021-03-26,5910.11,2377649135
2021-03-27,5995.98,3594344228
2021-03-28,6089.97,3601779206
2021-03-29,6056.36,4068262878
2021-03-30,6067.07,3302845715
2021-03-31,6178.54,2816645397
2021-04-01,6332.91,3521812015
2021-04-02,6334.78,2793248636
2021-04-03,6368.24,3950377046
2021-04-04,6554.60,2963225223
2021-04-05,6721.44,2692280785
2021-04-06,6898.74,4996094044
2021-04-07,6962.10,1732648854
2021-04-08,7109.31,2285135786
2021-04-09,7297.90,4799401481
2021-04-10,7262.68,1451315742
2021-04-11,7404.84,4195130277
2021-04-12,7590.14,1882757443
2021-04-13,7683.39,2617333333
2021-04-14,7809.66,4960269824
2021-04-15,8016.11,2947481958
2021-04-16,7828.49,2756645978
2021-04-17,7748.92,4358499398
2021-04-18,7638.63,2188069226
2021-04-19,7443.19,3749626367
2021-04-20,7246.53,3280305144
2021-04-21,7029.68,4603746557
2021-04-22,7049.98,3170602085
2021-04-23,7143.43,2924114238
2021-04-24,7164.47,2252233161
2021-04-25,7109.71,4207598576
2021-04-26,6996.81,2958372560
2021-04-27,6871.35,1661977792
2021-04-28,6956.00,1820437206
2021-04-29,6810.04,1117177119
2021-04-30,6608.60,1218690369
2021-05-01,6476.07,4514917294
2021-05-02,6623.46,3528250998
2021-05-03,6460.67,1211136200
2021-05-04,6498.31,4883847050
2021-05-05,6599.41,1473160780
2021-05-06,6626.74,4395699926
2021-05-07,6702.81,2053845312
2021-05-08,6851.71,4091039488
2021-05-09,6715.95,2886431175
2021-05-10,6714.02,2258583443
2021-05-11,6774.28,4170606759
2021-05-12,6868.71,4177997000
2021-05-13,6891.16,3407044238
2021-05-14,6932.71,2961515325
2021-05-15,7049.53,4582466144
2021-05-16,6947.24,2566258478
2021-05-17,6938.88,4326467565
2021-05-18,6858.46,1044486056
2021-05-19,6861.17,1043456901
2021-05-20,6728.73,2032617355
2021-05-21,6588.72,4391520058
2021-05-22,6699.05,2625678976
2021-05-23,6685.26,3127755340
2021-05-24,6738.38,4133404959
2021-05-25,6926.07,4185390104
2021-05-26,6845.60,3328972602
2021-05-27,6973.68,2196458388
2021-05-28,7117.54,3178987853
2021-05-29,7252.43,4879214081
2021-05-30,7308.21,4406406461
2021-05-31,7209.01,1988475553
2021-06-01,7192.37,3756726917
2021-06-02,7314.29,3037023729
2021-06-03,7104.36,3435659958
2021-06-04,6899.43,1808430191
2021-06-05,6896.48,3952539495
2021-06-06,6888.73,3061710613
2021-06-07,7083.32,2668054880
2021-06-08,7114.80,3328572749
2021-06-09,7188.32,2615722115
2021-06-10,7058.46,1447842630
2021-06-11,7130.34,1395534081
2021-06-12,7127.90,3079359236
2021-06-13,7002.98,1273073303
2021-06-14,6923.15,1281072692
2021-06-15,6863.73,2643038244
2021-06-16,6945.72,2070988820
2021-06-17,6933.61,4569000097
2021-06-18,6833.46,1903727048
2021-06-19,6813.70,3872525687
2021-06-20,6753.20,3419315178
2021-06-21,6755.83,4417616043
2021-06-22,6869.85,1491172877
2021-06-23,6762.49,2761147008
2021-06-24,6808.75,1463110285
2021-06-25,6870.39,4971708624
2021-06-26,6665.34,1721872928
2021-06-27,6702.93,1740918978
2021-06-28,6607.69,1856917276
2021-06-29,6412.56,2452759481
2021-06-30,6395.42,2986799057
2021-07-01,6224.94,4885220078
2021-07-02,6246.44,4848631937
2021-07-03,6166.80,4517038205
2021-07-04,6129.30,2093435867
2021-07-05,5988.43,4571699781
2021-07-06,6111.94,1554918379
2021-07-07,6260.99,2975735800
2021-07-08,6219.69,3442696130
2021-07-09,6276.06,2598542966
2021-07-10,6328.87,3869662373
2021-07-11,6346.29,4106561108
2021-07-12,6415.83,2508414013
2021-07-13,6588.28,2096723565
2021-07-14,6743.37,1231488025
2021-07-15,6656.63,4772891049
2021-07-16,6628.40,1642388898
2021-07-17,6647.46,2778242188
2021-07-18,6753.29,3339961111
2021-07-19,6684.98,4232533807
2021-07-20,6740.31,3122865326
2021-07-21,6627.81,3976645102
2021-07-22,6748.04,1169711931
2021-07-23,6858.30,2773681369
2021-07-24,6975.00,4835569893
2021-07-25,6878.85,4441871511
2021-07-26,6759.89,2665315682
2021-07-27,6661.09,1054564792
2021-07-28,6798.81,3521608669
2021-07-29,6853.17,4366501251
2021-07-30,7040.09,4904928543
2021-07-31,7072.96,3363270891
2021-08-01,7107.10,3227204473
2021-08-02,7028.06,3279881628
2021-08-03,7205.70,2494648470
2021-08-04,7154.91,3930854973
2021-08-05,7181.60,4387638692
2021-08-06,7214.80,2283317648
2021-08-07,7302.45,2000657310
2021-08-08,7335.61,3176447916
2021-08-09,7526.73,2391799156
2021-08-10,7454.57,2237064427
2021-08-11,7307.08,3549122956
2021-08-12,7235.55,3524470912
2021-08-13,7221.58,4548290053
2021-08-14,7139.55,2580274079
2021-08-15,7196.96,2121079093
2021-08-16,7241.56,3670486168
2021-08-17,7418.79,3940992342
2021-08-18,7333.19,4219187838
2021-08-19,7357.25,4690301843
2021-08-20,7232.68,2853183913
2021-08-21,7128.24,2514044956
2021-08-22,7169.42,1983952874
2021-08-23,7366.81,4421905850
2021-08-24,7250.80,1286074496
2021-08-25,7446.03,1340111813
2021-08-26,7361.10,2303951091
2021-08-27,7268.78,4600509578
2021-08-28,7151.51,3535556012
2021-08-29,7140.21,3702649986
2021-08-30,7054.71,2085457109
2021-08-31,6965.44,3989721574
2021-09-01,6795.20,4194851984
2021-09-02,6744.66,4600228784
2021-09-03,6609.61,1939396903
2021-09-04,6723.43,3089475495
2021-09-05,6728.06,4458293453
2021-09-06,6907.13,4823224620
2021-09-07,7022.04,3501601017
2021-09-08,7070.98,4063827487
2021-09-09,7198.63,2853362341
2021-09-10,7279.21,2784078429
2021-09-11,7236.71,2675106733
2021-09-12,7230.37,4499513902
2021-09-13,7424.32,3826859832
2021-09-14,7414.37,2678066775
2021-09-15,7198.05,3345365468
2021-09-16,7156.69,3106730413
2021-09-17,7006.09,1038545446
2021-09-18,6841.78,4043141256
2021-09-19,6672.60,1776124165
2021-09-20,6618.25,1732235975
2021-09-21,6478.33,2886861527
2021-09-22,6458.86,2368384487
2021-09-23,6400.17,1702806383
2021-09-24,6238.44,3522949927
2021-09-25,6261.78,1690161730
2021-09-26,6415.89,3768184657
2021-09-27,6520.21,4377830461
2021-09-28,6531.94,3954887542
2021-09-29,6679.06,3972155292
2021-09-30,6485.80,2720900406
2021-10-01,6352.29,4266692124
2021-10-02,6428.58,2479748407
2021-10-03,6596.98,1336929830
2021-10-04,6657.10,4247322714
2021-10-05,6473.74,2395248566
2021-10-06,6507.89,4061896032
2021-10-07,6427.63,4712918848
2021-10-08,6403.90,3318408443
2021-10-09,6326.74,1975039132
2021-10-10,6436.31,2791369654
2021-10-11,6622.71,2235315807
2021-10-12,6657.43,2037371067
2021-10-13,6791.25,1752880297
2021-10-14,6781.67,4481602820
2021-10-15,6827.09,3848622765
2021-10-16,6884.59,1325699961
2021-10-17,6825.07,3259191496
2021-10-18,6796.67,3474694313
2021-10-19,6717.69,3297848222
2021-10-20,6695.99,2589919586
2021-10-21,6530.54,1286721458
2021-10-22,6607.05,3775518525
2021-10-23,6562.14,4922312593
2021-10-24,6398.53,1110359740
2021-10-25,6406.51,1397473266
2021-10-26,6385.85,1433291317
2021-10-27,6412.64,4154065641
2021-10-28,6478.57,1088155290
2021-10-29,6515.88,2767521101
2021-10-30,6420.81,4441484598
2021-10-31,6444.00,1804599463
2021-11-01,6318.18,3627182877
2021-11-02,6205.57,3937681031
2021-11-03,6388.18,4392528076
2021-11-04,6303.08,4282302584
2021-11-05,6159.82,1801507632
2021-11-06,6283.11,2251392886
2021-11-07,6435.42,4812030949
2021-11-08,6410.14,1608468900
2021-11-09,6508.16,4245125751
2021-11-10,6462.58,3442626151
2021-11-11,6373.47,1333589897
2021-11-12,6480.86,1523914402
2021-11-13,6362.97,3329033123
2021-11-14,6388.00,2753521490
2021-11-15,6488.99,2423687841
2021-11-16,6345.52,2610286706
2021-11-17,6242.09,1933974514
2021-11-18,6113.30,2146148784
2021-11-19,6005.54,1302246572
2021-11-20,6047.69,2846959165
2021-11-21,5875.26,2876401898
2021-11-22,5770.63,4897756749
2021-11-23,5631.09,3836453247
2021-11-24,5678.31,1803501541
2021-11-25,5819.73,4733906503
2021-11-26,5658.33,2430698574
2021-11-27,5801.86,3379607816
2021-11-28,5721.41,1154246957
2021-11-29,5878.72,3583994361
2021-11-30,5726.26,1447782369
2021-12-01,5574.02,3069866351
2021-12-02,5464.67,4635805579
2021-12-03,5573.40,4646869318
2021-12-04,5636.48,1722626741
2021-12-05,5775.98,1306190660
2021-12-06,5642.56,1376727861
2021-12-07,5730.93,3181016076
2021-12-08,5561.05,1987905619
2021-12-09,5484.76,3039682527
2021-12-10,5491.74,2314966874
2021-12-11,5391.61,4215083194
2021-12-12,5444.55,1231018091
2021-12-13,5483.78,3887648264
2021-12-14,5371.32,3951308675
2021-12-15,5220.76,2453334858
2021-12-16,5204.63,4492275916
2021-12-17,5122.27,2245694350
2021-12-18,5005.43,1541370773
2021-12-19,5147.21,2723393381
2021-12-20,5194.18,1946342657
2021-12-21,5051.15,4599250163
2021-12-22,5016.42,1673811876
2021-12-23,5098.09,4829335620
2021-12-24,5155.90,2110525768
2021-12-25,5270.66,3759460459
2021-12-26,5191.18,4843759884
2021-12-27,5230.51,4359070256
2021-12-28,5340.06,4150574769
2021-12-29,5496.62,3011580775
2021-12-30,5462.80,1159894074
2021-12-31,5346.21,1633314115
2022-01-01,5307.68,2565037805
2022-01-02,5337.88,1194206908
2022-01-03,5239.83,4372413628
2022-01-04,5171.85,3836044262
2022-01-05,5122.95,1317771500
2022-01-06,5275.58,3723051843
2022-01-07,5206.17,2777347180
2022-01-08,5332.44,3325894371
2022-01-09,5247.17,4149034968
2022-01-10,5325.41,1106406107
2022-01-11,5215.17,4429007219
2022-01-12,5203.61,2544849900
2022-01-13,5343.76,2590612792
2022-01-14,5416.97,4592336112
2022-01-15,5356.94,2254438913
2022-01-16,5388.08,1253839177
2022-01-17,5303.98,1015003593
2022-01-18,5403.38,2098095693
2022-01-19,5398.27,2839105237
2022-01-20,5366.02,4947476586
2022-01-21,5248.67,4421354862
2022-01-22,5295.51,3857856067
2022-01-23,5453.72,1503529666
2022-01-24,5491.12,3168722817
2022-01-25,5494.52,4280184720
2022-01-26,5564.82,2270814703
2022-01-27,5598.95,3405492906
2022-01-28,5503.07,3593313118
2022-01-29,5352.71,3298031556
2022-01-30,5350.93,3270543927
2022-01-31,5480.06,1323943781
2022-02-01,5580.86,4782413196
2022-02-02,5561.64,2936415206
2022-02-03,5470.96,3697965187
2022-02-04,5457.06,2456670413
2022-02-05,5419.69,2113779537
2022-02-06,5476.08,2329336920
2022-02-07,5460.90,2797156433
2022-02-08,5356.23,2590508273
2022-02-09,5258.04,4659262307
2022-02-10,5405.93,3015699033
2022-02-11,5374.83,1350145253
2022-02-12,5326.95,4811180601
2022-02-13,5474.08,1305720026
2022-02-14,5612.20,3617262566
2022-02-15,5772.83,4128768226
2022-02-16,5769.04,4978638508
2022-02-17,5798.16,3355422526
2022-02-18,5758.33,2453675354
2022-02-19,5862.14,3525986162
2022-02-20,6019.36,4384473496
2022-02-21,6160.15,4240446058
2022-02-22,5979.53,1650271260
2022-02-23,5891.41,3733195790
2022-02-24,5723.94,1112327302
2022-02-25,5778.95,1328780875
2022-02-26,5806.64,3361069493
2022-02-27,5973.93,2462453210
2022-02-28,6051.05,1001499684
2022-03-01,5980.79,2094667937
2022-03-02,6140.15,4177895411
2022-03-03,6089.23,2167355335
2022-03-04,6073.27,4600980335
2022-03-05,6176.95,2496430433
2022-03-06,6350.75,2723222554
2022-03-07,6511.84,3595774228
2022-03-08,6704.18,1619328018
2022-03-09,6644.57,2430403477
2022-03-10,6716.07,2181132183
2022-03-11,6854.12,2859190921
2022-03-12,6844.58,4349984919
2022-03-13,6894.15,4954263215
2022-03-14,6707.93,3729630273
2022-03-15,6794.48,3894468135
2022-03-16,6987.71,2510748418
2022-03-17,6823.38,3299913829
2022-03-18,6771.33,3958468839
2022-03-19,6872.96,3809149273
2022-03-20,6896.46,3985902026
2022-03-21,6803.23,4742482062
2022-03-22,6872.86,4832760633
2022-03-23,7072.05,3599483483
2022-03-24,7236.23,3807496859
2022-03-25,7041.00,3546503607
2022-03-26,7235.34,2865885610
2022-03-27,7301.03,3226655392
2022-03-28,7247.82,1794811733
2022-03-29,7111.74,2113770296
2022-03-30,7165.21,4109456104
2022-03-31,7174.07,1993132533
2022-04-01,7059.50,1435156110
2022-04-02,7224.19,3310607952
2022-04-03,7334.74,3147227832
2022-04-04,7207.74,2751892909
2022-04-05,7394.69,1630163861
2022-04-06,7387.27,2394021419
2022-04-07,7297.34,3221542103
2022-04-08,7268.19,4313322173
2022-04-09,7172.94,4932969550
2022-04-10,7250.68,4374100517
2022-04-11,7423.86,3873137311
2022-04-12,7358.15,3952641883
2022-04-13,7565.84,3287604879
2022-04-14,7670.29,3864477855
2022-04-15,7650.27,3139164554
2022-04-16,7758.12,2124073594
2022-04-17,7635.37,2878968428
2022-04-18,7791.47,2756578983
2022-04-19,7907.78,4512064005
2022-04-20,7949.39,3782782424
2022-04-21,7995.81,3277893279
2022-04-22,7874.51,3987768921
2022-04-23,8037.19,2506505850
2022-04-24,8067.52,2223807423
2022-04-25,8207.92,3098847221
2022-04-26,8168.68,3919963122
2022-04-27,8352.40,1664270379
2022-04-28,8206.86,4039441892
2022-04-29,8049.24,4350248878
2022-04-30,8053.93,4222172733
2022-05-01,7957.03,2516782131
2022-05-02,7820.60,2072564559
2022-05-03,7639.97,4433300330
2022-05-04,7689.01,4744031246
2022-05-05,7778.56,4431450491
2022-05-06,7664.24,4511899785
2022-05-07,7461.83,1547977778
2022-05-08,7585.29,3215071080
2022-05-09,7634.94,3158266172
2022-05-10,7822.30,1819557563
2022-05-11,7910.06,3796841745
2022-05-12,7715.88,1993601616
2022-05-13,7636.14,4602175648
2022-05-14,7469.48,1754857505
2022-05-15,7405.21,1175217672
2022-05-16,7553.44,2806248558
2022-05-17,7537.56,1871711487
2022-05-18,7761.45,1719938411
2022-05-19,7905.54,2659784079
2022-05-20,7955.78,4294923843
2022-05-21,8128.62,4020597857
2022-05-22,8078.75,2484433513
2022-05-23,8018.14,3763170019
2022-05-24,8061.69,4324111115
2022-05-25,7990.55,1204111252
2022-05-26,8017.75,2591857282
2022-05-27,8242.30,2146217534
2022-05-28,8482.44,4056246274
2022-05-29,8669.39,3194935564
2022-05-30,8845.00,3329273799
2022-05-31,8922.00,4108035063
2022-06-01,8666.07,2433025099
2022-06-02,8774.74,2775132152
2022-06-03,8842.32,2441975609
2022-06-04,9035.23,1364640484
2022-06-05,9110.61,3435620294
2022-06-06,9186.27,4660006960
2022-06-07,9327.38,2242509254
2022-06-08,9463.93,3138555116
2022-06-09,9388.73,2223657121
2022-06-10,9393.08,1364390558
2022-06-11,9554.95,2454608014
2022-06-12,9567.00,4484442064
2022-06-13,9767.61,4789870120
2022-06-14,9808.59,3114326218
2022-06-15,9716.65,1865391160
2022-06-16,9501.20,4647981449
2022-06-17,9734.04,3656731437
2022-06-18,9558.60,1714681113
2022-06-19,9657.56,3302258411
2022-06-20,9794.44,1657348160
2022-06-21,9928.19,4087222791
2022-06-22,10113.70,1829898937
2022-06-23,10352.53,1281046517
2022-06-24,10522.78,2278784544
2022-06-25,10626.41,4327731916
2022-06-26,10525.21,3981979801
2022-06-27,10834.48,3263949093
2022-06-28,10669.37,3512171620
2022-06-29,10641.72,1355102949
2022-06-30,10573.73,4462811586
2022-07-01,10822.99,3458826580
2022-07-02,10889.24,4291991762
2022-07-03,10877.45,1998445809
2022-07-04,10954.79,3926423369
2022-07-05,10714.05,4878784123
2022-07-06,10958.82,3765400182
2022-07-07,11284.09,3478420667
2022-07-08,11041.00,1372908398
2022-07-09,11010.99,3592531368
2022-07-10,11056.19,2569660270
2022-07-11,11064.78,3772876450
2022-07-12,11333.72,2841439910
2022-07-13,11017.33,1700175678
2022-07-14,11043.09,4076721461
2022-07-15,11001.28,2332820178
2022-07-16,10941.48,1916152023
2022-07-17,10647.89,3588307420
2022-07-18,10460.09,2742172373
2022-07-19,10263.50,2924341995
2022-07-20,9957.75,2643781212
2022-07-21,10050.60,4954715306
2022-07-22,10144.90,2125737961
2022-07-23,9926.26,4353692761
2022-07-24,10134.40,3215386094
2022-07-25,10302.79,3423981775
2022-07-26,10251.21,4860618267
2022-07-27,10497.71,2384778352
2022-07-28,10807.19,2097783266
2022-07-29,10551.37,3960085215
2022-07-30,10475.71,4855168932
2022-07-31,10523.73,3266366973
2022-08-01,10714.40,1878541636
2022-08-02,10569.82,2421675155
2022-08-03,10736.97,2442049698
2022-08-04,10882.04,1387197514
2022-08-05,11026.01,2379396664
2022-08-06,11241.52,1113302636
2022-08-07,11398.29,4470757776
2022-08-08,11255.24,1666800043
2022-08-09,11061.23,2709969256
2022-08-10,11129.29,3071966787
2022-08-11,11398.00,2393617260
2022-08-12,11452.05,2156965191
2022-08-13,11247.43,3333947751
2022-08-14,11471.21,3760813229
2022-08-15,11630.54,2458813767
2022-08-16,11816.62,3618597656
2022-08-17,11758.65,3270410934
2022-08-18,11512.80,4844829239
2022-08-19,11786.91,4584589678
2022-08-20,11565.08,4724674146
2022-08-21,11764.34,2584856323
2022-08-22,12038.06,1432468536
2022-08-23,11817.33,1361424317
2022-08-24,11923.07,4065329948
2022-08-25,12179.32,1652123280
2022-08-26,11894.56,3676053047
2022-08-27,11729.81,4912276677
2022-08-28,11434.13,3630217570
2022-08-29,11614.95,4464303142
2022-08-30,11559.48,1101741644
2022-08-31,11274.44,3850339715
2022-09-01,11398.45,4923827979
2022-09-02,11065.01,2936521495
2022-09-03,11144.61,2613874990
2022-09-04,11269.00,1946180638
2022-09-05,11214.82,2957140732
2022-09-06,11305.73,3882116785
2022-09-07,11433.87,1978350302
2022-09-08,11531.28,4269341346
2022-09-09,11594.75,4303830793
2022-09-10,11885.31,4205796260
2022-09-11,11868.47,1787919724
2022-09-12,11903.68,4109215240
2022-09-13,12025.01,3123456535
2022-09-14,12258.55,3238598417
2022-09-15,12508.20,4978617051
2022-09-16,12412.98,4117025698
2022-09-17,12694.90,1301723897
2022-09-18,12435.94,3807688373
2022-09-19,12362.92,3701279272
2022-09-20,12097.00,3904577812
2022-09-21,11934.86,3362055489
2022-09-22,11806.76,1851022246
2022-09-23,12129.54,4662729303
2022-09-24,12032.88,1142555475
2022-09-25,12085.41,3242975802
2022-09-26,12190.50,3516297525
2022-09-27,12182.73,2322497347
2022-09-28,12200.88,1472069935
2022-09-29,11851.80,4242436418
2022-09-30,11836.33,4754623686
2022-10-01,11859.66,1115766675
2022-10-02,11744.33,1202972673
2022-10-03,11707.79,3448657037
2022-10-04,11766.32,4979284139
2022-10-05,11631.73,2315301961
2022-10-06,11405.19,3188526722
2022-10-07,11575.09,3439354169
2022-10-08,11745.98,2853050081
2022-10-09,12063.48,4868088263
2022-10-10,11859.91,4574118479
2022-10-11,11797.69,1650848099
2022-10-12,12006.20,3382137562
2022-10-13,12255.61,1716140305
2022-10-14,11964.07,4228130176
2022-10-15,11984.30,4824658190
2022-10-16,11836.42,1398684760
2022-10-17,11663.29,2484837419
2022-10-18,11629.95,1388873817
2022-10-19,11902.87,4592792751
2022-10-20,12192.42,2612935028
2022-10-21,11985.04,1665077167
2022-10-22,12056.45,2597308761
2022-10-23,12240.30,3362674629
2022-10-24,12329.45,4743346526
2022-10-25,12668.25,4679428465
2022-10-26,12770.38,3758223297
2022-10-27,12448.95,4641628146
2022-10-28,12631.62,4677825427
2022-10-29,12644.83,4878236800
2022-10-30,12737.68,4988058036
2022-10-31,12377.11,2318295744
2022-11-01,12135.77,2903004713
2022-11-02,12375.84,1043618695
2022-11-03,12471.66,1278080767
2022-11-04,12824.62,4716587885
2022-11-05,12638.69,4424473948
2022-11-06,12437.98,1405840305
2022-11-07,12324.41,1604256616
2022-11-08,12039.22,2175164923
2022-11-09,11823.35,3851638144
2022-11-10,11656.59,3269177279
2022-11-11,11620.77,1176952707
2022-11-12,11690.67,4038478886
2022-11-13,11490.58,3765293853
2022-11-14,11300.83,1194859906
2022-11-15,11528.77,2881301231
2022-11-16,11398.50,3964013166
2022-11-17,11404.48,1717843218
2022-11-18,11744.65,1729976605
2022-11-19,11803.20,2078173197
2022-11-20,11644.66,2489125993
2022-11-21,11862.64,1577569649
2022-11-22,12162.99,2306407798
2022-11-23,12193.16,4980042906
2022-11-24,12463.48,1076306110
2022-11-25,12336.04,3306228153
2022-11-26,12309.27,4276751660
2022-11-27,12056.83,2937501210
2022-11-28,12390.10,3255348535
2022-11-29,12747.79,3150425935
2022-11-30,12623.94,1018020884
2022-12-01,12659.90,2082495980
2022-12-02,12737.20,2092345614
2022-12-03,12946.28,1204527765
2022-12-04,12947.30,2838651901
2022-12-05,13287.83,4085933261
2022-12-06,13585.58,4197286260
2022-12-07,13735.48,1603352155
2022-12-08,13691.45,1129763588
2022-12-09,13586.68,3084544231
2022-12-10,13950.50,1141672728
2022-12-11,13779.82,3920423511
2022-12-12,13886.04,4486027072
2022-12-13,14022.57,3057764246
2022-12-14,14117.07,1339421935
2022-12-15,13869.50,1819561595
2022-12-16,13782.37,4717457802
2022-12-17,13460.31,4954091104
2022-12-18,13432.43,2021034780
2022-12-19,13575.70,1007972269
2022-12-20,13640.30,4872606786
2022-12-21,13879.74,2251252559
2022-12-22,13969.50,2197968105
2022-12-23,14278.18,4713878996
2022-12-24,13902.45,3745173457
2022-12-25,13610.44,2760592229
2022-12-26,13480.14,2408215114
2022-12-27,13373.57,1667959695
2022-12-28,13214.75,1338332246
2022-12-29,13078.94,1791108682
2022-12-30,13279.11,4622218658
2022-12-31,13255.33,2382828595
2023-01-01,13515.90,2044813615
2023-01-02,13816.46,2610535043
2023-01-03,13835.20,1536963999
2023-01-04,13951.05,2904965158
2023-01-05,14232.40,1945081959
2023-01-06,14133.42,2136479069
2023-01-07,14478.83,4440902776
2023-01-08,14647.56,2165345768
2023-01-09,14425.96,1903213843
2023-01-10,14557.09,3827259010
2023-01-11,14410.59,4487703901
2023-01-12,14635.62,1334651018
2023-01-13,15064.18,4533987672
2023-01-14,14915.05,3332762722
2023-01-15,14482.32,2796716109
2023-01-16,14261.50,1293136340
2023-01-17,14594.10,1572470501
2023-01-18,14324.93,1692102991
2023-01-19,13923.75,4434167967
2023-01-20,13784.20,1814297295
2023-01-21,14117.38,4285391839
2023-01-22,14342.61,4306529844
2023-01-23,14752.98,3429099889
2023-01-24,14701.82,3365113961
2023-01-25,14499.25,2971354617
2023-01-26,14164.74,1556825125
2023-01-27,14457.72,1401588669
2023-01-28,14429.98,3448796939
2023-01-29,14611.63,2085322451
2023-01-30,14455.93,2998367983
2023-01-31,14217.65,3430755613
2023-02-01,14033.49,4567821216
2023-02-02,13856.04,1871587817
2023-02-03,14075.51,2609652401
2023-02-04,13839.21,2565057575
2023-02-05,13549.79,1288168059
2023-02-06,13299.58,2883259761
2023-02-07,13427.96,1123279833
2023-02-08,13373.85,3169678369
2023-02-09,13415.87,4221012470
2023-02-10,13563.61,1866430967
2023-02-11,13358.14,3223481748
2023-02-12,13284.79,1441774340
2023-02-13,12886.63,2652959621
2023-02-14,12957.19,3698932457
2023-02-15,12755.28,2119926612
2023-02-16,12431.80,2532283182
2023-02-17,12362.61,1333782315
2023-02-18,12507.47,1469467793
2023-02-19,12737.67,2921252385
2023-02-20,12543.42,3609190493
2023-02-21,12725.93,4576474218
2023-02-22,12382.28,1894083812
2023-02-23,12747.80,3508395621
2023-02-24,12454.79,2211323028
2023-02-25,12449.78,3026431816
2023-02-26,12632.66,1954223849
2023-02-27,12283.82,3546845419
2023-02-28,12429.57,3748305996
2023-03-01,12508.04,4426439328
2023-03-02,12230.75,1713273450
2023-03-03,12247.38,2878586626
2023-03-04,12554.84,1117293020
2023-03-05,12849.34,3266420464
2023-03-06,13028.63,1541719923
2023-03-07,13255.42,1172231031
2023-03-08,13447.22,1962665731
2023-03-09,13353.63,4067013841
2023-03-10,13148.54,3705167944
2023-03-11,13016.42,2133387266
2023-03-12,12689.91,2290241453
2023-03-13,12750.61,4920095454
2023-03-14,12381.95,3334242881
2023-03-15,12234.99,2562257692
2023-03-16,12438.88,1446428695
2023-03-17,12109.66,4755784802
2023-03-18,11923.50,2962837646
2023-03-19,11830.86,4978530006
2023-03-20,12180.78,1560695332
2023-03-21,12046.61,4905884898
2023-03-22,12159.35,2422641099
2023-03-23,12290.62,4307333827
2023-03-24,11967.66,4980296356
2023-03-25,11695.65,1419859500
2023-03-26,11364.98,1014144399
2023-03-27,11610.09,4618485361
2023-03-28,11390.65,2494919770
2023-03-29,11238.78,2767046137
2023-03-30,10911.81,1309330611
2023-03-31,10621.76,3259612059
2023-04-01,10894.76,3752203870
2023-04-02,10888.58,1885997866
2023-04-03,11141.16,2543044155
2023-04-04,11071.49,4837656450
2023-04-05,11175.09,4964841278
2023-04-06,11104.21,1402909263
2023-04-07,11322.70,1354577503
2023-04-08,11598.65,4347543406
2023-04-09,11519.66,2844481134
2023-04-10,11359.52,1372548276
2023-04-11,11654.54,1327351140
2023-04-12,11984.91,4817472063
2023-04-13,11732.31,4869852418
2023-04-14,11441.55,2545811956
2023-04-15,11152.13,4033973686
2023-04-16,11274.24,1168952885
2023-04-17,11384.20,2908004991
2023-04-18,11071.31,2524051622
2023-04-19,11076.06,2705367273
2023-04-20,11214.00,3450740465
2023-04-21,11056.57,2659793706
2023-04-22,11035.02,3433347111
2023-04-23,10762.53,3548285938
2023-04-24,10550.91,1374205553
2023-04-25,10235.77,3061434977
2023-04-26,10029.13,4719090717
2023-04-27,10312.44,1939408219
2023-04-28,10588.36,1546112551
2023-04-29,10582.76,3847148628
2023-04-30,10842.40,3520241518
2023-05-01,11165.08,3850913102
2023-05-02,11431.75,1696208002
2023-05-03,11694.87,2064785675
2023-05-04,11987.66,1730312652
2023-05-05,11716.51,3938411359
2023-05-06,11513.29,2434972563
2023-05-07,11642.78,2207385783
2023-05-08,11773.40,2049468683
2023-05-09,11995.44,2762141659
2023-05-10,12233.05,1509316352
2023-05-11,12569.93,4773948070
2023-05-12,12738.95,4899940153
2023-05-13,12771.70,4002355165
2023-05-14,13021.75,3969558442
2023-05-15,13224.85,2594048126
2023-05-16,13368.74,2175950198
2023-05-17,13025.08,1106576711
2023-05-18,13263.49,3627875541
2023-05-19,13082.81,4398712715
2023-05-20,13288.93,2064174067
2023-05-21,13258.82,4024528648
2023-05-22,13094.04,2909839162
2023-05-23,12760.17,3259145362
2023-05-24,12538.88,3075281774
2023-05-25,12734.15,2024985005
2023-05-26,12508.17,2491781634
2023-05-27,12288.49,2009067268
2023-05-28,12339.46,1723502290
2023-05-29,12007.04,3579719502
2023-05-30,12215.45,2659331580
2023-05-31,12101.69,3717020785
2023-06-01,12135.27,4914678949
2023-06-02,12259.71,1743895878
2023-06-03,11894.52,3794352217
2023-06-04,11896.09,1557690518
2023-06-05,12171.96,3117332351
2023-06-06,12517.76,3441269230
2023-06-07,12155.15,1420355776
2023-06-08,12362.38,2546620007
2023-06-09,12355.95,3499076496
2023-06-10,12295.67,4439636742
2023-06-11,12289.69,3754127793
2023-06-12,12246.10,2428713307
2023-06-13,12126.78,3251504927
2023-06-14,11973.70,1030276019
2023-06-15,11839.70,2219349090
2023-06-16,12031.35,3048616358
2023-06-17,12353.70,2625423296
2023-06-18,12058.11,3430889762
2023-06-19,12359.91,1855284592
2023-06-20,12679.25,2037111917
2023-06-21,12658.87,4353264018
2023-06-22,12982.15,2193182943
2023-06-23,12720.18,1574985609
2023-06-24,12414.17,3017377046
2023-06-25,12452.68,3501707488
2023-06-26,12099.43,2514484868
2023-06-27,12395.78,4842662287
2023-06-28,12252.82,3234711450
2023-06-29,12160.76,4954087692
2023-06-30,11993.33,2977282847
2023-07-01,11796.10,4996789278
2023-07-02,11926.84,4317102426
2023-07-03,11642.61,3804372982
2023-07-04,11716.96,2475965369
2023-07-05,12034.30,2132002287
2023-07-06,12337.17,2424862227
2023-07-07,12322.46,1560687505
2023-07-08,12012.82,2115546420
2023-07-09,12308.78,3756052705
2023-07-10,12100.64,2578436196
2023-07-11,12209.86,1194704283
2023-07-12,12572.95,2681957507
2023-07-13,12837.52,4990580505
2023-07-14,12538.86,3351687687
2023-07-15,12535.34,1235557631
2023-07-16,12312.03,2771645594
2023-07-17,11971.15,3518557694
2023-07-18,11672.39,3876730192
2023-07-19,11546.15,4008881847
2023-07-20,11647.98,2531143481
2023-07-21,11746.58,4946339154
2023-07-22,11942.50,3105512388
2023-07-23,12190.64,2472982013
2023-07-24,12300.92,4923381996
2023-07-25,12618.37,2667480697
2023-07-26,12726.34,4873106755
2023-07-27,12869.50,3009307408
2023-07-28,12645.05,1080506768
2023-07-29,12440.80,4331701672
2023-07-30,12592.37,2486477206
2023-07-31,12439.47,3004473006
2023-08-01,12102.37,4672901993
2023-08-02,12144.66,2977440123
2023-08-03,12293.00,4102922191
2023-08-04,12154.77,4817272534
2023-08-05,12399.06,3858286747
2023-08-06,12743.52,1629672367
2023-08-07,12944.16,1872654563
2023-08-08,12736.02,2000053047
2023-08-09,12475.80,3712079300
2023-08-10,12422.73,2714020656
2023-08-11,12682.64,4783666480
2023-08-12,12830.03,2127554525
2023-08-13,13105.40,4284925215
2023-08-14,13496.98,3242582060
2023-08-15,13414.33,3668028190
2023-08-16,13076.49,2542490877
2023-08-17,13195.50,2870609541
2023-08-18,13497.23,4919644026
2023-08-19,13764.36,4169646067
2023-08-20,13830.38,4460134315
2023-08-21,13966.46,3143220419
2023-08-22,13941.06,4308772251
2023-08-23,14328.04,3029641786
2023-08-24,13970.72,1278911780
2023-08-25,14275.95,2998577366
2023-08-26,14079.08,2579839049
2023-08-27,14287.29,1563337193
2023-08-28,13970.84,2219703985
2023-08-29,14020.35,4379907165
2023-08-30,13887.10,3963270211
2023-08-31,14229.13,2454736963
2023-09-01,14618.57,2049295568
2023-09-02,14183.36,4414874012
2023-09-03,14376.74,2395639590
2023-09-04,14158.62,2979152663
2023-09-05,14378.94,1669623193
2023-09-06,14796.40,4257251347
2023-09-07,14602.90,1501627586
2023-09-08,14241.78,1513425189
2023-09-09,13830.45,3411830301
2023-09-10,14152.46,2144053819
2023-09-11,13757.88,4108378432
2023-09-12,13929.24,4151752853
2023-09-13,13518.09,1929192096
2023-09-14,13484.02,4983875135
2023-09-15,13609.35,3236627277
2023-09-16,13715.76,4032943038
2023-09-17,13885.73,2329910706
2023-09-18,14020.50,4781890517
2023-09-19,14139.96,4575677444
2023-09-20,14181.57,4978077925
2023-09-21,14583.94,3332809445
2023-09-22,14596.30,1549529765
2023-09-23,15010.46,4647922503
2023-09-24,15035.90,4430763066
2023-09-25,15353.36,2628547314
2023-09-26,14949.39,1513422833
2023-09-27,15108.79,1437375906
2023-09-28,15541.66,1684926593
2023-09-29,15175.94,2677997246
2023-09-30,15071.29,3093321971
2023-10-01,15214.94,3503680972
2023-10-02,15537.76,4615121560
2023-10-03,15119.36,4143994793
2023-10-04,15156.35,4362957789
2023-10-05,15310.75,3737364384
2023-10-06,15365.95,2811925965
2023-10-07,15165.20,4266619510
2023-10-08,14902.56,2935773615
2023-10-09,14810.78,2488728092
2023-10-10,14534.94,2511653509
2023-10-11,14351.10,4791482084
2023-10-12,14294.78,3647689980
2023-10-13,14573.16,3039479960
2023-10-14,14416.91,1376219592
2023-10-15,14441.76,1333139873
2023-10-16,14195.73,2049200453
2023-10-17,14096.32,3138504196
2023-10-18,13879.36,1231434876
2023-10-19,13936.64,4120068890
2023-10-20,14174.69,2189910800
2023-10-21,14550.35,2293029447
2023-10-22,14294.58,4455218098
2023-10-23,14284.36,2952376034
2023-10-24,14528.89,2542979692
2023-10-25,14900.76,4630890572
2023-10-26,15287.83,1341299992
2023-10-27,14991.74,2493109865
2023-10-28,14837.48,3202072851
2023-10-29,14925.19,4800839318
2023-10-30,15042.04,1606171198
2023-10-31,14740.64,2015361877
2023-11-01,14470.59,1070202218
2023-11-02,14886.56,3406665441
2023-11-03,14513.96,3496797939
2023-11-04,14402.98,1382400160
2023-11-05,14231.04,1211888232
2023-11-06,14174.77,2854829349
2023-11-07,13891.56,2030407365
2023-11-08,13783.35,4803521656
2023-11-09,13460.98,1483361412
2023-11-10,13862.37,2015916167
2023-11-11,13743.70,2430994070
2023-11-12,13722.96,2611836156
2023-11-13,13941.49,1340482269
2023-11-14,13772.81,1561044995
2023-11-15,13705.65,1068034119
2023-11-16,13316.98,4906409935
2023-11-17,13685.20,4711327060
2023-11-18,13719.09,2422175557
2023-11-19,13739.24,1558633424
2023-11-20,13626.19,3106296930
2023-11-21,13276.25,4482109591
2023-11-22,13003.82,3573746830
2023-11-23,12691.18,2791058293
2023-11-24,12730.61,1661339590
2023-11-25,12526.43,4162634953
2023-11-26,12818.14,1739799758
2023-11-27,12658.36,3287508185
2023-11-28,12810.53,4603175713
2023-11-29,13027.62,2387272788
2023-11-30,12751.80,1557749505
2023-12-01,12644.91,4044750905
2023-12-02,12331.22,3614968395
2023-12-03,12358.07,4967585050
2023-12-04,12259.83,4978507888
2023-12-05,12075.71,3103379158
2023-12-06,11912.59,4815304612
2023-12-07,12030.72,1734318528
2023-12-08,11809.11,1740000656
2023-12-09,11959.84,3405666914
2023-12-10,12092.46,1278644346
2023-12-11,12085.44,4430359254
2023-12-12,12134.29,4914070078
2023-12-13,11772.84,4261500120
2023-12-14,11733.24,4972863571
2023-12-15,11931.93,1898137024
2023-12-16,11989.23,3998384871
2023-12-17,11970.67,1929225977
2023-12-18,12227.79,3299817816
2023-12-19,12432.34,3873782865
2023-12-20,12221.77,1172473000
2023-12-21,12022.30,2102686267
2023-12-22,11992.88,3409235472
2023-12-23,12186.76,1864387791
2023-12-24,12115.11,2437711800
2023-12-25,11958.77,3172883690
2023-12-26,11652.92,1886664982
2023-12-27,11847.81,1265651197
2023-12-28,11931.88,4681338933
2023-12-29,12256.76,3755224854
2023-12-30,12351.93,3172517583
2023-12-31,12655.42,4853285974
2024-01-01,12973.56,1348846613
2024-01-02,13211.01,2763825393
2024-01-03,13296.09,4593033075
2024-01-04,13416.40,2657495735
2024-01-05,13790.87,2462313761
2024-01-06,13456.40,4138097928
2024-01-07,13530.03,3475670886
2024-01-08,13179.65,2227303503
2024-01-09,13042.69,2983722298
2024-01-10,12738.76,3685352328
2024-01-11,13029.45,2834553866
2024-01-12,13024.88,1733018073
2024-01-13,12826.82,1718452689
2024-01-14,12943.63,4467690581
2024-01-15,13270.86,1271797934
2024-01-16,13327.52,2140092488
2024-01-17,13204.05,3020363252
2024-01-18,13283.53,1584088832
2024-01-19,13284.57,1123274560
2024-01-20,13241.46,1180954976
2024-01-21,12962.31,4280423811
2024-01-22,13050.82,1341401735
2024-01-23,13384.55,1989562130
2024-01-24,13694.74,4085962639
2024-01-25,13502.84,1270622037
2024-01-26,13888.84,2092597277
2024-01-27,13480.96,3384081410
2024-01-28,13442.86,2714098471
2024-01-29,13644.26,1538817781
2024-01-30,13665.24,1075978508
2024-01-31,13660.08,4882691698
2024-02-01,13320.14,3016728297
2024-02-02,13644.41,2930938723
2024-02-03,13956.38,2060135888
2024-02-04,14316.72,2334706434
2024-02-05,14299.39,2774457795
2024-02-06,14087.35,4218612413
2024-02-07,13951.37,4541288345
2024-02-08,13582.36,1207549588
2024-02-09,13776.87,2869666394
2024-02-10,13382.41,4510282699
2024-02-11,13005.42,1839958262
2024-02-12,13360.94,2601030612
2024-02-13,13729.09,1087629228
2024-02-14,13948.06,4098275636
2024-02-15,13942.04,3590394135
2024-02-16,13587.85,4470720762
2024-02-17,13277.41,1986558359
2024-02-18,13553.18,4760049746
2024-02-19,13427.11,4254419074
2024-02-20,13726.53,2095872915
2024-02-21,13700.15,2109478222
2024-02-22,14081.42,3590385386
2024-02-23,13724.63,4350990094
2024-02-24,13654.12,4680170331
2024-02-25,13270.74,2416177304
2024-02-26,12943.84,3793428723
2024-02-27,12821.86,4697039453
2024-02-28,12927.33,1081679204
2024-02-29,12557.41,1531515183
2024-03-01,12661.62,3890268716
2024-03-02,13005.34,4693661136
2024-03-03,13081.60,2874423786
2024-03-04,12783.84,3774140225
2024-03-05,12647.35,4332751632
2024-03-06,12361.43,1506415753
2024-03-07,12075.78,1011311654
2024-03-08,12161.94,1870473653
2024-03-09,11904.75,1276085756
2024-03-10,12261.67,2831292589
2024-03-11,12416.57,1847853221
2024-03-12,12602.22,3334153658
2024-03-13,12295.25,4424425252
2024-03-14,12159.16,3418248665
2024-03-15,11944.27,4191443463
2024-03-16,12197.99,3014955978
2024-03-17,11995.16,2057755271
2024-03-18,12022.83,1700563689
2024-03-19,11763.81,3602152099
2024-03-20,12093.42,3541546591
2024-03-21,12386.22,1574202140
2024-03-22,12357.98,4771271554
2024-03-23,12608.03,1967848028
2024-03-24,12483.53,4309075435
2024-03-25,12391.40,3601034615
2024-03-26,12717.73,4997263718
2024-03-27,12437.29,4276217096
2024-03-28,12227.77,2129701101
2024-03-29,12548.10,2617044899
2024-03-30,12323.58,3406816076
2024-03-31,12561.28,1969443763
2024-04-01,12898.03,3002920542
2024-04-02,12870.34,2609927886
2024-04-03,13164.75,3711109850
2024-04-04,13056.74,3904138190
2024-04-05,12835.41,3413368577
2024-04-06,12740.32,3133307283
2024-04-07,13108.42,3707434379
2024-04-08,13209.96,4766551561
2024-04-09,13592.74,4031199135
2024-04-10,13743.20,2932226584
2024-04-11,14134.23,1283980694
2024-04-12,13830.54,3170653443
2024-04-13,14078.99,4178894301
2024-04-14,14448.39,4468991420
2024-04-15,14297.47,1040921383
2024-04-16,14316.73,3316351144
2024-04-17,14167.00,1073963368
2024-04-18,14391.50,4893781634
2024-04-19,14506.71,3170491607
2024-04-20,14732.56,2243202227
2024-04-21,14297.90,1885957867
2024-04-22,14320.87,3470609766
2024-04-23,14357.83,1136087868
2024-04-24,14312.53,2102168360
2024-04-25,14060.54,3101019025
2024-04-26,14007.93,4478410271
2024-04-27,14294.88,1669825060
2024-04-28,14079.17,1974286175
2024-04-29,14196.84,3034114517
2024-04-30,14032.17,2214286970
2024-05-01,14193.19,1252547144
2024-05-02,14181.21,3903880276
2024-05-03,14470.28,1378383887
2024-05-04,14166.98,2154857507
2024-05-05,14014.23,3138517277
2024-05-06,13842.27,4772490384
2024-05-07,13483.85,3272530823
2024-05-08,13882.88,1427698644
2024-05-09,13666.78,4612065402
2024-05-10,13638.71,2545912713
2024-05-11,13810.63,3130677300
2024-05-12,13750.74,3429981929
2024-05-13,14105.24,2316093547
2024-05-14,14374.85,3637610796
2024-05-15,14798.54,3064174675
2024-05-16,14496.40,3941655089
2024-05-17,14396.88,1779378275
2024-05-18,14055.29,2715514505
2024-05-19,13993.59,2866634098
2024-05-20,14083.86,2418560887
2024-05-21,14330.91,4997629224
2024-05-22,14221.52,4217541476
2024-05-23,14449.06,1164804271
2024-05-24,14670.28,1930590864
2024-05-25,14321.62,3719340927
2024-05-26,13913.15,4455609941
2024-05-27,13637.53,4145822731
2024-05-28,13625.71,1316720446
2024-05-29,13689.94,4854636490
2024-05-30,13531.78,3177208722
2024-05-31,13581.39,2456089951
2024-06-01,13973.94,4387513380
2024-06-02,14125.53,4305399574
2024-06-03,13942.43,3770522493
2024-06-04,14021.94,4058016116
2024-06-05,13958.03,2277782023
2024-06-06,14046.53,2954217689
2024-06-07,13749.96,1434484992
2024-06-08,13770.46,1321523276
2024-06-09,13894.06,4783249811
2024-06-10,14247.90,4163908046
2024-06-11,14125.70,3653733891
2024-06-12,14439.98,4789268003
2024-06-13,14133.58,2766439403
2024-06-14,13868.19,2892282922
2024-06-15,13675.31,1091742374
2024-06-16,13451.32,3161020520
2024-06-17,13143.42,4073220119
2024-06-18,12784.47,4717000684
2024-06-19,12737.03,3850243518
2024-06-20,13040.78,2260265439
2024-06-21,12933.86,3392918194
2024-06-22,12826.72,3777590541
2024-06-23,12548.95,1673617492
2024-06-24,12312.76,4206520426
2024-06-25,12244.93,2251896903
2024-06-26,12321.17,1997001952
2024-06-27,12218.85,4617460690
2024-06-28,12081.78,3806666216
2024-06-29,12243.20,2265334125
2024-06-30,12185.87,4917622372
2024-07-01,11935.48,1315721483
2024-07-02,12158.84,4088305814
2024-07-03,12105.85,2869529534
2024-07-04,11888.40,3690199230
2024-07-05,12038.84,1574678502
2024-07-06,12393.09,1593713352
2024-07-07,12587.81,1199193823
2024-07-08,12448.67,4423542388
2024-07-09,12722.65,4098059613
2024-07-10,12813.07,2801729610
2024-07-11,12950.70,4501321745
2024-07-12,12823.45,4273499671
2024-07-13,12562.98,2436134483
2024-07-14,12456.65,2739061392
2024-07-15,12141.55,1225295383
2024-07-16,12035.25,3939291781
2024-07-17,11798.37,1787966852
2024-07-18,11559.06,1609865478
2024-07-19,11499.77,1303133450
2024-07-20,11544.91,2345357583
2024-07-21,11376.87,4009249429
2024-07-22,11396.32,4343237644
2024-07-23,11721.64,3156643153
2024-07-24,11809.63,4786119359
2024-07-25,12065.90,4110348472
2024-07-26,12015.18,3121050874
2024-07-27,11747.50,1100397955
2024-07-28,11555.85,4381343847
2024-07-29,11549.19,3391398406
2024-07-30,11304.94,3676197979
2024-07-31,11252.66,2774567043
2024-08-01,11190.78,4479959327
2024-08-02,11413.14,2393537730
2024-08-03,11083.07,2299662248
2024-08-04,11130.00,3388195768
2024-08-05,11136.41,1832978310
2024-08-06,10943.30,1825370768
2024-08-07,10659.42,1621839917
2024-08-08,10934.51,4295678680
2024-08-09,11187.64,2410872060
2024-08-10,11327.64,3965887632
2024-08-11,11500.83,3703470439
2024-08-12,11284.00,3091279530
2024-08-13,11009.43,4547947664
2024-08-14,11155.72,3819003992
2024-08-15,11136.12,1856884723
2024-08-16,11400.08,4684078216
2024-08-17,11647.11,2275747045
2024-08-18,11431.41,4013440904
2024-08-19,11652.71,1489521757
2024-08-20,11830.24,2106167640
2024-08-21,11901.47,2335237117
2024-08-22,11767.10,1440954170
2024-08-23,11460.36,4025826341
2024-08-24,11583.57,3017807673
2024-08-25,11625.26,2722657790
2024-08-26,11707.40,1262856234
2024-08-27,12021.02,2913736315
2024-08-28,12043.61,4151009030
2024-08-29,12324.44,4781377170
2024-08-30,12641.82,2832107128
2024-08-31,12761.12,3301328718
2024-09-01,12403.59,3442248229
2024-09-02,12061.85,3535132370
2024-09-03,11917.72,4645906418
2024-09-04,12256.17,4037815779
2024-09-05,12448.76,3686729812
2024-09-06,12534.04,2307056349
2024-09-07,12526.09,3716688600
2024-09-08,12810.60,2549027232
2024-09-09,13031.84,4095364137
2024-09-10,13348.68,4473526416
2024-09-11,13134.83,1074881078
2024-09-12,13380.20,4963933891
2024-09-13,13026.92,2154950084
2024-09-14,12647.04,4162240177
2024-09-15,12581.70,4737850152
2024-09-16,12474.12,3829711946
2024-09-17,12731.24,1899933941
2024-09-18,13017.15,1929220645
2024-09-19,13288.71,2110558751
2024-09-20,13392.92,2603740605
2024-09-21,13602.27,4458703738
2024-09-22,13857.26,1198250066
2024-09-23,13883.49,2095957300
2024-09-24,13518.81,4686582480
2024-09-25,13561.23,1209976434
2024-09-26,13496.80,4714932464
2024-09-27,13825.53,1638749682
2024-09-28,13625.16,2939906484
2024-09-29,13498.61,3788466830
2024-09-30,13236.32,2251968036
2024-10-01,13285.61,4365493048
2024-10-02,13214.38,2784119427
2024-10-03,13575.01,3113186251
2024-10-04,13843.65,4117369146
2024-10-05,14041.76,2943925416
2024-10-06,14205.24,4959350886
2024-10-07,14531.21,4342511754
2024-10-08,14440.34,1593759012
2024-10-09,14292.51,1923128735
2024-10-10,14154.35,1159709314
2024-10-11,13992.34,4029059074
2024-10-12,13739.89,4824093143
2024-10-13,13997.99,2865527379
2024-10-14,13954.41,1978167216
2024-10-15,13694.81,2879415496
2024-10-16,13535.06,1638863838
2024-10-17,13743.54,1101370493
2024-10-18,13717.21,2861480455
2024-10-19,13692.41,3485916245
2024-10-20,13978.69,3275701154
2024-10-21,13759.47,4566242676
2024-10-22,13561.52,1281373172
2024-10-23,13297.17,2154789068
2024-10-24,12970.23,1945811380
2024-10-25,12607.34,2823511313
2024-10-26,12378.75,2270347245
2024-10-27,12095.00,2098505135
2024-10-28,11862.91,3811554758
2024-10-29,11533.99,3713237133
2024-10-30,11755.65,1311041409
2024-10-31,11856.56,2696360241
2024-11-01,11597.14,2628720317
2024-11-02,11416.37,4593166891
2024-11-03,11732.47,4356098177
2024-11-04,11698.85,2226117239
2024-11-05,12006.37,3789816495
2024-11-06,11660.16,2608286512
2024-11-07,11649.33,1838162086
2024-11-08,11321.42,4594619883
2024-11-09,11378.32,1977580421
2024-11-10,11268.56,4680795902
2024-11-11,11553.07,4030371802
2024-11-12,11221.56,1183266096
2024-11-13,10954.77,1713616027
2024-11-14,11049.94,1458437762
2024-11-15,11019.61,3588643265
2024-11-16,11031.44,3258292496
2024-11-17,11083.56,2926890382
2024-11-18,11277.74,4514642371
2024-11-19,11164.25,1504317371
2024-11-20,11470.41,1544197599
2024-11-21,11467.06,3850408347
2024-11-22,11777.37,1381598889
2024-11-23,11843.43,2926943327
2024-11-24,12129.65,2661067312
2024-11-25,12014.38,3430250254
2024-11-26,12011.15,2354262675
2024-11-27,12184.97,2009239768
2024-11-28,12311.81,4490767316
2024-11-29,12178.45,2092804864
2024-11-30,12264.16,2631176154
2024-12-01,12444.25,4303213645
2024-12-02,12762.37,1344299781
2024-12-03,12764.50,1977086251
2024-12-04,13052.79,3880623586
2024-12-05,12803.29,2648783651
2024-12-06,13036.62,3650939288
2024-12-07,12944.89,4185841407
2024-12-08,12797.97,3638198673
2024-12-09,12937.70,3523736171
2024-12-10,12786.31,2448934750
2024-12-11,12966.72,2779098339
2024-12-12,13202.09,3808506674
2024-12-13,13206.75,2706141396
2024-12-14,13213.41,3371381779
2024-12-15,13320.08,3726480152
2024-12-16,13001.97,2522869065
2024-12-17,12922.12,3099198970
2024-12-18,13065.22,4702948933
2024-12-19,12833.23,3084192310
2024-12-20,12698.29,3586335467
2024-12-21,12391.32,1542830021
2024-12-22,12603.97,3192792475
2024-12-23,12953.60,2968453947
2024-12-24,12900.55,1183034953
2024-12-25,12728.77,1822228787
2024-12-26,13085.11,4670744574
2024-12-27,13213.87,4535870291
2024-12-28,13241.62,2066090951
2024-12-29,13065.92,4460592169
